Workbook

Sheet Sheet1
A1: EWO No | B1: Responsiveness | C1: Co_operativeness | D1: Packaging | E1: Order Date | F1: Consistency | G1: Item Name | H1: On time Delivery | I1: Delivery Performance | J1: Fineness | K1: Length(cm) | L1: Strength (gm/denier) | M1: Flexibility | N1: Order Fullfillment | O1: Delivery Date | P1: Vendor | Q1: Supplier Address | R1: After sale servixe | S1: Total Qty in (Kg) | T1: Total Price | U1: Lead Time | V1: Unit price | W1: Quality | X1: Cost | Y1: Time | Z1: Delivery | AA1: Reliability | AB1: Total
A2: 22 19 01 000001 | B2: 5 | C2: 4 | D2: 3 | E2: 43461 | F2: 4 | G2: Jute Yarn | H2: 1 | I2: 4 | J2: 3 | K2: 184.836 | L2: 5.25 | M2: 3 | N2: 0 | O2: 43461 | P2: V29 | Q2: Plot-I/5, I/7, I/9, I/11 & I/13, Road-6, Section-7, Mirpur I/A, Dhaka-1216, Bangladesh. | R2: 5 | S2: 10.343222 | T2: 25.0997 | U2: 0 | V2: 2.426681 | W2: =Sheet1!J2*Sheet2!E$2+CEILING(((Sheet1!K2-MIN(K:K))/(MAX(K:K)-MIN(K:K))*5),1)*Sheet2!E$3+CEILING(((Sheet1!L2-MIN(L:L))/(MAX(L:L)-MIN(L:L))*5),1)*Sheet2!E$4+Sheet1!D2*Sheet2!E$5 -> 1.2920798 | X2: =CEILING(((Sheet1!S2-MIN(S:S))/(MAX(S:S)-MIN(S:S))*5),1)*Sheet2!E$6+CEILING(((Sheet1!T2-MIN(T:T))/(MAX(T:T)-MIN(T:T))*5),1)*Sheet2!E$7+CEILING(((Sheet1!V2-MIN(V:V))/(MAX(V:V)-MIN(V:V))*5),1)*Sheet2!E$8 -> 0.25202436 | Y2: =CEILING(((Sheet1!U2-MIN(U:U))/(MAX(U:U)-MIN(U:U))*5),1)*Sheet2!E$9 -> 0 | Z2: =CEILING(((Sheet1!H2-MIN(H:H))/(MAX(H:H)-MIN(H:H))*5),1)*Sheet2!E$10+I2*Sheet2!E$11+F2*Sheet2!E$12+CEILING(((Sheet1!N2-MIN(N:N))/(MAX(N:N)-MIN(N:N))*5),1)*Sheet2!E$13 -> 0.19934471 | AA2: =B2*Sheet2!E$14+C2*Sheet2!E$15+M2*Sheet2!E$16+R2*Sheet2!E$17 -> 0.18585105 | AB2: =SUM(W2:AA2) -> 1.9293
A3: 22 19 01 000001 | B3: 5 | C3: 4 | D3: 3 | E3: 43461 | F3: 4 | G3: Jute Yarn | H3: 1 | I3: 4 | J3: 3 | K3: 193.3196 | L3: 5.25 | M3: 3 | N3: 0 | O3: 43461 | P3: V29 | Q3: Plot-I/5, I/7, I/9, I/11 & I/13, Road-6, Section-7, Mirpur I/A, Dhaka-1216, Bangladesh. | R3: 5 | S3: 41.5611 | T3: 100.7772 | U3: 0 | V3: 2.4247963 | W3: =Sheet1!J3*Sheet2!E$2+CEILING(((Sheet1!K3-MIN(K:K))/(MAX(K:K)-MIN(K:K))*5),1)*Sheet2!E$3+CEILING(((Sheet1!L3-MIN(L:L))/(MAX(L:L)-MIN(L:L))*5),1)*Sheet2!E$4+Sheet1!D3*Sheet2!E$5 -> 1.2920798 | X3: =CEILING(((Sheet1!S3-MIN(S:S))/(MAX(S:S)-MIN(S:S))*5),1)*Sheet2!E$6+CEILING(((Sheet1!T3-MIN(T:T))/(MAX(T:T)-MIN(T:T))*5),1)*Sheet2!E$7+CEILING(((Sheet1!V3-MIN(V:V))/(MAX(V:V)-MIN(V:V))*5),1)*Sheet2!E$8 -> 0.25202436 | Y3: =CEILING(((Sheet1!U3-MIN(U:U))/(MAX(U:U)-MIN(U:U))*5),1)*Sheet2!E$9 -> 0 | Z3: =CEILING(((Sheet1!H3-MIN(H:H))/(MAX(H:H)-MIN(H:H))*5),1)*Sheet2!E$10+I3*Sheet2!E$11+F3*Sheet2!E$12+CEILING(((Sheet1!N3-MIN(N:N))/(MAX(N:N)-MIN(N:N))*5),1)*Sheet2!E$13 -> 0.19934471 | AA3: =B3*Sheet2!E$14+C3*Sheet2!E$15+M3*Sheet2!E$16+R3*Sheet2!E$17 -> 0.18585105 | AB3: =SUM(W3:AA3) -> 1.9293
A4: 22 19 01 000002 | B4: 3 | C4: 1 | D4: 3 | E4: 43466 | F4: 4 | G4: Jute Yarn | H4: 1 | I4: 4 | J4: 3 | K4: 206.045 | L4: 4.9 | M4: 4 | N4: 1 | O4: 43470 | P4: V47 | Q4: 126/1,Kadda Nandun, Kadda Bazar, Gazipur Sadar, Gazipur-1346 | R4: 5 | S4: 81.647464 | T4: 153 | U4: 4 | V4: 1.87391 | W4: =Sheet1!J4*Sheet2!E$2+CEILING(((Sheet1!K4-MIN(K:K))/(MAX(K:K)-MIN(K:K))*5),1)*Sheet2!E$3+CEILING(((Sheet1!L4-MIN(L:L))/(MAX(L:L)-MIN(L:L))*5),1)*Sheet2!E$4+Sheet1!D4*Sheet2!E$5 -> 1.1605404 | X4: =CEILING(((Sheet1!S4-MIN(S:S))/(MAX(S:S)-MIN(S:S))*5),1)*Sheet2!E$6+CEILING(((Sheet1!T4-MIN(T:T))/(MAX(T:T)-MIN(T:T))*5),1)*Sheet2!E$7+CEILING(((Sheet1!V4-MIN(V:V))/(MAX(V:V)-MIN(V:V))*5),1)*Sheet2!E$8 -> 0.25202436 | Y4: =CEILING(((Sheet1!U4-MIN(U:U))/(MAX(U:U)-MIN(U:U))*5),1)*Sheet2!E$9 -> 0.16507402 | Z4: =CEILING(((Sheet1!H4-MIN(H:H))/(MAX(H:H)-MIN(H:H))*5),1)*Sheet2!E$10+I4*Sheet2!E$11+F4*Sheet2!E$12+CEILING(((Sheet1!N4-MIN(N:N))/(MAX(N:N)-MIN(N:N))*5),1)*Sheet2!E$13 -> 0.41848166 | AA4: =B4*Sheet2!E$14+C4*Sheet2!E$15+M4*Sheet2!E$16+R4*Sheet2!E$17 -> 0.11401952 | AB4: =SUM(W4:AA4) -> 2.11014
A5: 22 19 01 000002 | B5: 3 | C5: 1 | D5: 3 | E5: 43466 | F5: 4 | G5: Jute Yarn | H5: 1 | I5: 4 | J5: 3 | K5: 206.045 | L5: 4.9 | M5: 4 | N5: 1 | O5: 43470 | P5: V47 | Q5: 126/1,Kadda Nandun, Kadda Bazar, Gazipur Sadar, Gazipur-1346 | R5: 5 | S5: 10.026309 | T5: 18.7884 | U5: 4 | V5: 1.87391 | W5: =Sheet1!J5*Sheet2!E$2+CEILING(((Sheet1!K5-MIN(K:K))/(MAX(K:K)-MIN(K:K))*5),1)*Sheet2!E$3+CEILING(((Sheet1!L5-MIN(L:L))/(MAX(L:L)-MIN(L:L))*5),1)*Sheet2!E$4+Sheet1!D5*Sheet2!E$5 -> 1.1605404 | X5: =CEILING(((Sheet1!S5-MIN(S:S))/(MAX(S:S)-MIN(S:S))*5),1)*Sheet2!E$6+CEILING(((Sheet1!T5-MIN(T:T))/(MAX(T:T)-MIN(T:T))*5),1)*Sheet2!E$7+CEILING(((Sheet1!V5-MIN(V:V))/(MAX(V:V)-MIN(V:V))*5),1)*Sheet2!E$8 -> 0.25202436 | Y5: =CEILING(((Sheet1!U5-MIN(U:U))/(MAX(U:U)-MIN(U:U))*5),1)*Sheet2!E$9 -> 0.16507402 | Z5: =CEILING(((Sheet1!H5-MIN(H:H))/(MAX(H:H)-MIN(H:H))*5),1)*Sheet2!E$10+I5*Sheet2!E$11+F5*Sheet2!E$12+CEILING(((Sheet1!N5-MIN(N:N))/(MAX(N:N)-MIN(N:N))*5),1)*Sheet2!E$13 -> 0.41848166 | AA5: =B5*Sheet2!E$14+C5*Sheet2!E$15+M5*Sheet2!E$16+R5*Sheet2!E$17 -> 0.11401952 | AB5: =SUM(W5:AA5) -> 2.11014
A6: 22 19 01 000002 | B6: 3 | C6: 1 | D6: 3 | E6: 43466 | F6: 4 | G6: Jute Yarn | H6: 1 | I6: 4 | J6: 3 | K6: 206.045 | L6: 4.9 | M6: 4 | N6: 1 | O6: 43470 | P6: V47 | Q6: 126/1,Kadda Nandun, Kadda Bazar, Gazipur Sadar, Gazipur-1346 | R6: 5 | S6: 12.181802 | T6: 22.8276 | U6: 4 | V6: 1.87391 | W6: =Sheet1!J6*Sheet2!E$2+CEILING(((Sheet1!K6-MIN(K:K))/(MAX(K:K)-MIN(K:K))*5),1)*Sheet2!E$3+CEILING(((Sheet1!L6-MIN(L:L))/(MAX(L:L)-MIN(L:L))*5),1)*Sheet2!E$4+Sheet1!D6*Sheet2!E$5 -> 1.1605404 | X6: =CEILING(((Sheet1!S6-MIN(S:S))/(MAX(S:S)-MIN(S:S))*5),1)*Sheet2!E$6+CEILING(((Sheet1!T6-MIN(T:T))/(MAX(T:T)-MIN(T:T))*5),1)*Sheet2!E$7+CEILING(((Sheet1!V6-MIN(V:V))/(MAX(V:V)-MIN(V:V))*5),1)*Sheet2!E$8 -> 0.25202436 | Y6: =CEILING(((Sheet1!U6-MIN(U:U))/(MAX(U:U)-MIN(U:U))*5),1)*Sheet2!E$9 -> 0.16507402 | Z6: =CEILING(((Sheet1!H6-MIN(H:H))/(MAX(H:H)-MIN(H:H))*5),1)*Sheet2!E$10+I6*Sheet2!E$11+F6*Sheet2!E$12+CEILING(((Sheet1!N6-MIN(N:N))/(MAX(N:N)-MIN(N:N))*5),1)*Sheet2!E$13 -> 0.41848166 | AA6: =B6*Sheet2!E$14+C6*Sheet2!E$15+M6*Sheet2!E$16+R6*Sheet2!E$17 -> 0.11401952 | AB6: =SUM(W6:AA6) -> 2.11014
A7: 22 19 01 000002 | B7: 3 | C7: 1 | D7: 3 | E7: 43466 | F7: 4 | G7: Jute Yarn | H7: 1 | I7: 4 | J7: 3 | K7: 206.045 | L7: 4.9 | M7: 4 | N7: 1 | O7: 43470 | P7: V47 | Q7: 126/1,Kadda Nandun, Kadda Bazar, Gazipur Sadar, Gazipur-1346 | R7: 5 | S7: 21.783543 | T7: 40.8204 | U7: 4 | V7: 1.87391 | W7: =Sheet1!J7*Sheet2!E$2+CEILING(((Sheet1!K7-MIN(K:K))/(MAX(K:K)-MIN(K:K))*5),1)*Sheet2!E$3+CEILING(((Sheet1!L7-MIN(L:L))/(MAX(L:L)-MIN(L:L))*5),1)*Sheet2!E$4+Sheet1!D7*Sheet2!E$5 -> 1.1605404 | X7: =CEILING(((Sheet1!S7-MIN(S:S))/(MAX(S:S)-MIN(S:S))*5),1)*Sheet2!E$6+CEILING(((Sheet1!T7-MIN(T:T))/(MAX(T:T)-MIN(T:T))*5),1)*Sheet2!E$7+CEILING(((Sheet1!V7-MIN(V:V))/(MAX(V:V)-MIN(V:V))*5),1)*Sheet2!E$8 -> 0.25202436 | Y7: =CEILING(((Sheet1!U7-MIN(U:U))/(MAX(U:U)-MIN(U:U))*5),1)*Sheet2!E$9 -> 0.16507402 | Z7: =CEILING(((Sheet1!H7-MIN(H:H))/(MAX(H:H)-MIN(H:H))*5),1)*Sheet2!E$10+I7*Sheet2!E$11+F7*Sheet2!E$12+CEILING(((Sheet1!N7-MIN(N:N))/(MAX(N:N)-MIN(N:N))*5),1)*Sheet2!E$13 -> 0.41848166 | AA7: =B7*Sheet2!E$14+C7*Sheet2!E$15+M7*Sheet2!E$16+R7*Sheet2!E$17 -> 0.11401952 | AB7: =SUM(W7:AA7) -> 2.11014
A8: 22 19 01 000002 | B8: 3 | C8: 1 | D8: 3 | E8: 43466 | F8: 4 | G8: Jute Yarn | H8: 1 | I8: 4 | J8: 3 | K8: 206.045 | L8: 4.9 | M8: 4 | N8: 1 | O8: 43470 | P8: V47 | Q8: 126/1,Kadda Nandun, Kadda Bazar, Gazipur Sadar, Gazipur-1346 | R8: 5 | S8: 21.783543 | T8: 40.8204 | U8: 4 | V8: 1.87391 | W8: =Sheet1!J8*Sheet2!E$2+CEILING(((Sheet1!K8-MIN(K:K))/(MAX(K:K)-MIN(K:K))*5),1)*Sheet2!E$3+CEILING(((Sheet1!L8-MIN(L:L))/(MAX(L:L)-MIN(L:L))*5),1)*Sheet2!E$4+Sheet1!D8*Sheet2!E$5 -> 1.1605404 | X8: =CEILING(((Sheet1!S8-MIN(S:S))/(MAX(S:S)-MIN(S:S))*5),1)*Sheet2!E$6+CEILING(((Sheet1!T8-MIN(T:T))/(MAX(T:T)-MIN(T:T))*5),1)*Sheet2!E$7+CEILING(((Sheet1!V8-MIN(V:V))/(MAX(V:V)-MIN(V:V))*5),1)*Sheet2!E$8 -> 0.25202436 | Y8: =CEILING(((Sheet1!U8-MIN(U:U))/(MAX(U:U)-MIN(U:U))*5),1)*Sheet2!E$9 -> 0.16507402 | Z8: =CEILING(((Sheet1!H8-MIN(H:H))/(MAX(H:H)-MIN(H:H))*5),1)*Sheet2!E$10+I8*Sheet2!E$11+F8*Sheet2!E$12+CEILING(((Sheet1!N8-MIN(N:N))/(MAX(N:N)-MIN(N:N))*5),1)*Sheet2!E$13 -> 0.41848166 | AA8: =B8*Sheet2!E$14+C8*Sheet2!E$15+M8*Sheet2!E$16+R8*Sheet2!E$17 -> 0.11401952 | AB8: =SUM(W8:AA8) -> 2.11014
A9: 22 19 01 000002 | B9: 3 | C9: 1 | D9: 3 | E9: 43466 | F9: 4 | G9: Jute Yarn | H9: 1 | I9: 4 | J9: 3 | K9: 206.045 | L9: 4.9 | M9: 4 | N9: 1 | O9: 43470 | P9: V47 | Q9: 126/1,Kadda Nandun, Kadda Bazar, Gazipur Sadar, Gazipur-1346 | R9: 5 | S9: 21.783543 | T9: 40.8204 | U9: 4 | V9: 1.87391 | W9: =Sheet1!J9*Sheet2!E$2+CEILING(((Sheet1!K9-MIN(K:K))/(MAX(K:K)-MIN(K:K))*5),1)*Sheet2!E$3+CEILING(((Sheet1!L9-MIN(L:L))/(MAX(L:L)-MIN(L:L))*5),1)*Sheet2!E$4+Sheet1!D9*Sheet2!E$5 -> 1.1605404 | X9: =CEILING(((Sheet1!S9-MIN(S:S))/(MAX(S:S)-MIN(S:S))*5),1)*Sheet2!E$6+CEILING(((Sheet1!T9-MIN(T:T))/(MAX(T:T)-MIN(T:T))*5),1)*Sheet2!E$7+CEILING(((Sheet1!V9-MIN(V:V))/(MAX(V:V)-MIN(V:V))*5),1)*Sheet2!E$8 -> 0.25202436 | Y9: =CEILING(((Sheet1!U9-MIN(U:U))/(MAX(U:U)-MIN(U:U))*5),1)*Sheet2!E$9 -> 0.16507402 | Z9: =CEILING(((Sheet1!H9-MIN(H:H))/(MAX(H:H)-MIN(H:H))*5),1)*Sheet2!E$10+I9*Sheet2!E$11+F9*Sheet2!E$12+CEILING(((Sheet1!N9-MIN(N:N))/(MAX(N:N)-MIN(N:N))*5),1)*Sheet2!E$13 -> 0.41848166 | AA9: =B9*Sheet2!E$14+C9*Sheet2!E$15+M9*Sheet2!E$16+R9*Sheet2!E$17 -> 0.11401952 | AB9: =SUM(W9:AA9) -> 2.11014
A10: 22 19 01 000002 | B10: 3 | C10: 1 | D10: 3 | E10: 43466 | F10: 4 | G10: Jute Yarn | H10: 1 | I10: 4 | J10: 3 | K10: 206.045 | L10: 4.9 | M10: 4 | N10: 1 | O10: 43470 | P10: V47 | Q10: 126/1,Kadda Nandun, Kadda Bazar, Gazipur Sadar, Gazipur-1346 | R10: 5 | S10: 23.939037 | T10: 44.8596 | U10: 4 | V10: 1.87391 | W10: =Sheet1!J10*Sheet2!E$2+CEILING(((Sheet1!K10-MIN(K:K))/(MAX(K:K)-MIN(K:K))*5),1)*Sheet2!E$3+CEILING(((Sheet1!L10-MIN(L:L))/(MAX(L:L)-MIN(L:L))*5),1)*Sheet2!E$4+Sheet1!D10*Sheet2!E$5 -> 1.1605404 | X10: =CEILING(((Sheet1!S10-MIN(S:S))/(MAX(S:S)-MIN(S:S))*5),1)*Sheet2!E$6+CEILING(((Sheet1!T10-MIN(T:T))/(MAX(T:T)-MIN(T:T))*5),1)*Sheet2!E$7+CEILING(((Sheet1!V10-MIN(V:V))/(MAX(V:V)-MIN(V:V))*5),1)*Sheet2!E$8 -> 0.25202436 | Y10: =CEILING(((Sheet1!U10-MIN(U:U))/(MAX(U:U)-MIN(U:U))*5),1)*Sheet2!E$9 -> 0.16507402 | Z10: =CEILING(((Sheet1!H10-MIN(H:H))/(MAX(H:H)-MIN(H:H))*5),1)*Sheet2!E$10+I10*Sheet2!E$11+F10*Sheet2!E$12+CEILING(((Sheet1!N10-MIN(N:N))/(MAX(N:N)-MIN(N:N))*5),1)*Sheet2!E$13 -> 0.41848166 | AA10: =B10*Sheet2!E$14+C10*Sheet2!E$15+M10*Sheet2!E$16+R10*Sheet2!E$17 -> 0.11401952 | AB10: =SUM(W10:AA10) -> 2.11014
A11: 22 19 01 000002 | B11: 3 | C11: 1 | D11: 3 | E11: 43466 | F11: 4 | G11: Jute Yarn | H11: 1 | I11: 4 | J11: 3 | K11: 206.045 | L11: 4.9 | M11: 4 | N11: 1 | O11: 43470 | P11: V47 | Q11: 126/1,Kadda Nandun, Kadda Bazar, Gazipur Sadar, Gazipur-1346 | R11: 5 | S11: 27.008981 | T11: 50.6124 | U11: 4 | V11: 1.87391 | W11: =Sheet1!J11*Sheet2!E$2+CEILING(((Sheet1!K11-MIN(K:K))/(MAX(K:K)-MIN(K:K))*5),1)*Sheet2!E$3+CEILING(((Sheet1!L11-MIN(L:L))/(MAX(L:L)-MIN(L:L))*5),1)*Sheet2!E$4+Sheet1!D11*Sheet2!E$5 -> 1.1605404 | X11: =CEILING(((Sheet1!S11-MIN(S:S))/(MAX(S:S)-MIN(S:S))*5),1)*Sheet2!E$6+CEILING(((Sheet1!T11-MIN(T:T))/(MAX(T:T)-MIN(T:T))*5),1)*Sheet2!E$7+CEILING(((Sheet1!V11-MIN(V:V))/(MAX(V:V)-MIN(V:V))*5),1)*Sheet2!E$8 -> 0.25202436 | Y11: =CEILING(((Sheet1!U11-MIN(U:U))/(MAX(U:U)-MIN(U:U))*5),1)*Sheet2!E$9 -> 0.16507402 | Z11: =CEILING(((Sheet1!H11-MIN(H:H))/(MAX(H:H)-MIN(H:H))*5),1)*Sheet2!E$10+I11*Sheet2!E$11+F11*Sheet2!E$12+CEILING(((Sheet1!N11-MIN(N:N))/(MAX(N:N)-MIN(N:N))*5),1)*Sheet2!E$13 -> 0.41848166 | AA11: =B11*Sheet2!E$14+C11*Sheet2!E$15+M11*Sheet2!E$16+R11*Sheet2!E$17 -> 0.11401952 | AB11: =SUM(W11:AA11) -> 2.11014
A12: 22 19 01 000002 | B12: 3 | C12: 1 | D12: 3 | E12: 43466 | F12: 4 | G12: Jute Yarn | H12: 1 | I12: 4 | J12: 3 | K12: 206.045 | L12: 4.9 | M12: 4 | N12: 1 | O12: 43470 | P12: V47 | Q12: 126/1,Kadda Nandun, Kadda Bazar, Gazipur Sadar, Gazipur-1346 | R12: 5 | S12: 21.783543 | T12: 40.8204 | U12: 4 | V12: 1.87391 | W12: =Sheet1!J12*Sheet2!E$2+CEILING(((Sheet1!K12-MIN(K:K))/(MAX(K:K)-MIN(K:K))*5),1)*Sheet2!E$3+CEILING(((Sheet1!L12-MIN(L:L))/(MAX(L:L)-MIN(L:L))*5),1)*Sheet2!E$4+Sheet1!D12*Sheet2!E$5 -> 1.1605404 | X12: =CEILING(((Sheet1!S12-MIN(S:S))/(MAX(S:S)-MIN(S:S))*5),1)*Sheet2!E$6+CEILING(((Sheet1!T12-MIN(T:T))/(MAX(T:T)-MIN(T:T))*5),1)*Sheet2!E$7+CEILING(((Sheet1!V12-MIN(V:V))/(MAX(V:V)-MIN(V:V))*5),1)*Sheet2!E$8 -> 0.25202436 | Y12: =CEILING(((Sheet1!U12-MIN(U:U))/(MAX(U:U)-MIN(U:U))*5),1)*Sheet2!E$9 -> 0.16507402 | Z12: =CEILING(((Sheet1!H12-MIN(H:H))/(MAX(H:H)-MIN(H:H))*5),1)*Sheet2!E$10+I12*Sheet2!E$11+F12*Sheet2!E$12+CEILING(((Sheet1!N12-MIN(N:N))/(MAX(N:N)-MIN(N:N))*5),1)*Sheet2!E$13 -> 0.41848166 | AA12: =B12*Sheet2!E$14+C12*Sheet2!E$15+M12*Sheet2!E$16+R12*Sheet2!E$17 -> 0.11401952 | AB12: =SUM(W12:AA12) -> 2.11014
A13: 22 19 01 000004 | B13: 4 | C13: 3 | D13: 3 | E13: 43466 | F13: 4 | G13: Jute Yarn | H13: 1 | I13: 4 | J13: 3 | K13: 206.045 | L13: 5.25 | M13: 3 | N13: 0 | O13: 43468 | P13: V27 | Q13: Ismail Plaza 51/52 Shah Kabir Road Moushair, Dakhin Khan, Uttara, Dhaka-1230. | R13: 5 | S13: 8.0891469 | T13: 19.6238 | U13: 2 | V13: 2.4259418 | W13: =Sheet1!J13*Sheet2!E$2+CEILING(((Sheet1!K13-MIN(K:K))/(MAX(K:K)-MIN(K:K))*5),1)*Sheet2!E$3+CEILING(((Sheet1!L13-MIN(L:L))/(MAX(L:L)-MIN(L:L))*5),1)*Sheet2!E$4+Sheet1!D13*Sheet2!E$5 -> 1.2920798 | X13: =CEILING(((Sheet1!S13-MIN(S:S))/(MAX(S:S)-MIN(S:S))*5),1)*Sheet2!E$6+CEILING(((Sheet1!T13-MIN(T:T))/(MAX(T:T)-MIN(T:T))*5),1)*Sheet2!E$7+CEILING(((Sheet1!V13-MIN(V:V))/(MAX(V:V)-MIN(V:V))*5),1)*Sheet2!E$8 -> 0.25202436 | Y13: =CEILING(((Sheet1!U13-MIN(U:U))/(MAX(U:U)-MIN(U:U))*5),1)*Sheet2!E$9 -> 0.16507402 | Z13: =CEILING(((Sheet1!H13-MIN(H:H))/(MAX(H:H)-MIN(H:H))*5),1)*Sheet2!E$10+I13*Sheet2!E$11+F13*Sheet2!E$12+CEILING(((Sheet1!N13-MIN(N:N))/(MAX(N:N)-MIN(N:N))*5),1)*Sheet2!E$13 -> 0.19934471 | AA13: =B13*Sheet2!E$14+C13*Sheet2!E$15+M13*Sheet2!E$16+R13*Sheet2!E$17 -> 0.15286518 | AB13: =SUM(W13:AA13) -> 2.0613881
... A28: 22 19 01 000012 | B28: 4 | C28: 3 | D28: 3 | E28: 43466 | F28: 3 | G28: Jute Yarn | H28: 1 | I28: 5 | J28: 3 | K28: 127.61417 | L28: 4.9 | M28: 5 | N28: 1 | O28: 43471 | P28: V82 | Q28: Enayet Nagar, Bholail, Fatullah, Narayanganj | R28: 4 | S28: 937.18674 | T28: 1961.56 | U28: 5 | V28: 2.09303 | W28: =Sheet1!J28*Sheet2!E$2+CEILING(((Sheet1!K28-MIN(K:K))/(MAX(K:K)-MIN(K:K))*5),1)*Sheet2!E$3+CEILING(((Sheet1!L28-MIN(L:L))/(MAX(L:L)-MIN(L:L))*5),1)*Sheet2!E$4+Sheet1!D28*Sheet2!E$5 -> 1.0920314 | X28: =CEILING(((Sheet1!S28-MIN(S:S))/(MAX(S:S)-MIN(S:S))*5),1)*Sheet2!E$6+CEILING(((Sheet1!T28-MIN(T:T))/(MAX(T:T)-MIN(T:T))*5),1)*Sheet2!E$7+CEILING(((Sheet1!V28-MIN(V:V))/(MAX(V:V)-MIN(V:V))*5),1)*Sheet2!E$8 -> 0.50723548 | Y28: =CEILING(((Sheet1!U28-MIN(U:U))/(MAX(U:U)-MIN(U:U))*5),1)*Sheet2!E$9 -> 0.16507402 | Z28: =CEILING(((Sheet1!H28-MIN(H:H))/(MAX(H:H)-MIN(H:H))*5),1)*Sheet2!E$10+I28*Sheet2!E$11+F28*Sheet2!E$12+CEILING(((Sheet1!N28-MIN(N:N))/(MAX(N:N)-MIN(N:N))*5),1)*Sheet2!E$13 -> 0.42417981 | AA28: =B28*Sheet2!E$14+C28*Sheet2!E$15+M28*Sheet2!E$16+R28*Sheet2!E$17 -> 0.16279478 | AB28: =SUM(W28:AA28) -> 2.3513155
A29: 22 19 01 000013 | B29: 4 | C29: 3 | D29: 3 | E29: 43466 | F29: 1 | G29: Jute Yarn | H29: 1 | I29: 4 | J29: 3 | K29: 333.299 | L29: 4.9 | M29: 5 | N29: 0 | O29: 43468 | P29: V80 | Q29: Tollaroad, Fatullah, Narayanganj. | R29: 2 | S29: 1000 | T29: =S29*V29 -> 1763.68 | U29: 2 | V29: 1.76368 | W29: =Sheet1!J29*Sheet2!E$2+CEILING(((Sheet1!K29-MIN(K:K))/(MAX(K:K)-MIN(K:K))*5),1)*Sheet2!E$3+CEILING(((Sheet1!L29-MIN(L:L))/(MAX(L:L)-MIN(L:L))*5),1)*Sheet2!E$4+Sheet1!D29*Sheet2!E$5 -> 1.3660673 | X29: =CEILING(((Sheet1!S29-MIN(S:S))/(MAX(S:S)-MIN(S:S))*5),1)*Sheet2!E$6+CEILING(((Sheet1!T29-MIN(T:T))/(MAX(T:T)-MIN(T:T))*5),1)*Sheet2!E$7+CEILING(((Sheet1!V29-MIN(V:V))/(MAX(V:V)-MIN(V:V))*5),1)*Sheet2!E$8 -> 0.50723548 | Y29: =CEILING(((Sheet1!U29-MIN(U:U))/(MAX(U:U)-MIN(U:U))*5),1)*Sheet2!E$9 -> 0.16507402 | Z29: =CEILING(((Sheet1!H29-MIN(H:H))/(MAX(H:H)-MIN(H:H))*5),1)*Sheet2!E$10+I29*Sheet2!E$11+F29*Sheet2!E$12+CEILING(((Sheet1!N29-MIN(N:N))/(MAX(N:N)-MIN(N:N))*5),1)*Sheet2!E$13 -> 0.18155168 | AA29: =B29*Sheet2!E$14+C29*Sheet2!E$15+M29*Sheet2!E$16+R29*Sheet2!E$17 -> 0.15717747 | AB29: =SUM(W29:AA29) -> 2.377106
A30: 22 19 01 000013 | B30: 4 | C30: 3 | D30: 3 | E30: 43466 | F30: 1 | G30: Jute Yarn | H30: 1 | I30: 4 | J30: 3 | K30: 278.1556 | L30: 4.9 | M30: 5 | N30: 0 | O30: 43468 | P30: V80 | Q30: Tollaroad, Fatullah, Narayanganj. | R30: 2 | S30: 226.79851 | T30: 400 | U30: 2 | V30: 1.76368 | W30: =Sheet1!J30*Sheet2!E$2+CEILING(((Sheet1!K30-MIN(K:K))/(MAX(K:K)-MIN(K:K))*5),1)*Sheet2!E$3+CEILING(((Sheet1!L30-MIN(L:L))/(MAX(L:L)-MIN(L:L))*5),1)*Sheet2!E$4+Sheet1!D30*Sheet2!E$5 -> 1.2975584 | X30: =CEILING(((Sheet1!S30-MIN(S:S))/(MAX(S:S)-MIN(S:S))*5),1)*Sheet2!E$6+CEILING(((Sheet1!T30-MIN(T:T))/(MAX(T:T)-MIN(T:T))*5),1)*Sheet2!E$7+CEILING(((Sheet1!V30-MIN(V:V))/(MAX(V:V)-MIN(V:V))*5),1)*Sheet2!E$8 -> 0.30319351 | Y30: =CEILING(((Sheet1!U30-MIN(U:U))/(MAX(U:U)-MIN(U:U))*5),1)*Sheet2!E$9 -> 0.16507402 | Z30: =CEILING(((Sheet1!H30-MIN(H:H))/(MAX(H:H)-MIN(H:H))*5),1)*Sheet2!E$10+I30*Sheet2!E$11+F30*Sheet2!E$12+CEILING(((Sheet1!N30-MIN(N:N))/(MAX(N:N)-MIN(N:N))*5),1)*Sheet2!E$13 -> 0.18155168 | AA30: =B30*Sheet2!E$14+C30*Sheet2!E$15+M30*Sheet2!E$16+R30*Sheet2!E$17 -> 0.15717747 | AB30: =SUM(W30:AA30) -> 2.1045551
A31: 22 19 01 000015 | B31: 4 | C31: 3 | D31: 3 | E31: 43466 | F31: 4 | G31: Jute Yarn | H31: 1 | I31: 4 | J31: 3 | K31: 337.5408 | L31: 5.95 | M31: 4 | N31: 0 | O31: 43470 | P31: V39 | Q31: Vill-Bahadurpur, P.O-Vawal Mirzapur, PS&Dist.-Gazipur, Bangladesh. | R31: 2 | S31: 1000 | T31: =S31*V31 -> 2425.06 | U31: 4 | V31: 2.42506 | W31: =Sheet1!J31*Sheet2!E$2+CEILING(((Sheet1!K31-MIN(K:K))/(MAX(K:K)-MIN(K:K))*5),1)*Sheet2!E$3+CEILING(((Sheet1!L31-MIN(L:L))/(MAX(L:L)-MIN(L:L))*5),1)*Sheet2!E$4+Sheet1!D31*Sheet2!E$5 -> 1.6291462 | X31: =CEILING(((Sheet1!S31-MIN(S:S))/(MAX(S:S)-MIN(S:S))*5),1)*Sheet2!E$6+CEILING(((Sheet1!T31-MIN(T:T))/(MAX(T:T)-MIN(T:T))*5),1)*Sheet2!E$7+CEILING(((Sheet1!V31-MIN(V:V))/(MAX(V:V)-MIN(V:V))*5),1)*Sheet2!E$8 -> 0.53250274 | Y31: =CEILING(((Sheet1!U31-MIN(U:U))/(MAX(U:U)-MIN(U:U))*5),1)*Sheet2!E$9 -> 0.16507402 | Z31: =CEILING(((Sheet1!H31-MIN(H:H))/(MAX(H:H)-MIN(H:H))*5),1)*Sheet2!E$10+I31*Sheet2!E$11+F31*Sheet2!E$12+CEILING(((Sheet1!N31-MIN(N:N))/(MAX(N:N)-MIN(N:N))*5),1)*Sheet2!E$13 -> 0.19934471 | AA31: =B31*Sheet2!E$14+C31*Sheet2!E$15+M31*Sheet2!E$16+R31*Sheet2!E$17 -> 0.15080835 | AB31: =SUM(W31:AA31) -> 2.676876
A32: 22 19 01 000018 | B32: 3 | C32: 1 | D32: 3 | E32: 43466 | F32: 4 | G32: Jute Yarn | H32: 1 | I32: 3 | J32: 5 | K32: 155.88583 | L32: 4.725 | M32: 3 | N32: 1 | O32: 43468 | P32: V14 | Q32: Golaroa, Saturia, Manikgonj,Bangladesh | R32: 5 | S32: 52.709667 | T32: 106.722 | U32: 2 | V32: 2.024714 | W32: =Sheet1!J32*Sheet2!E$2+CEILING(((Sheet1!K32-MIN(K:K))/(MAX(K:K)-MIN(K:K))*5),1)*Sheet2!E$3+CEILING(((Sheet1!L32-MIN(L:L))/(MAX(L:L)-MIN(L:L))*5),1)*Sheet2!E$4+Sheet1!D32*Sheet2!E$5 -> 1.5385718 | X32: =CEILING(((Sheet1!S32-MIN(S:S))/(MAX(S:S)-MIN(S:S))*5),1)*Sheet2!E$6+CEILING(((Sheet1!T32-MIN(T:T))/(MAX(T:T)-MIN(T:T))*5),1)*Sheet2!E$7+CEILING(((Sheet1!V32-MIN(V:V))/(MAX(V:V)-MIN(V:V))*5),1)*Sheet2!E$8 -> 0.25202436 | Y32: =CEILING(((Sheet1!U32-MIN(U:U))/(MAX(U:U)-MIN(U:U))*5),1)*Sheet2!E$9 -> 0.16507402 | Z32: =CEILING(((Sheet1!H32-MIN(H:H))/(MAX(H:H)-MIN(H:H))*5),1)*Sheet2!E$10+I32*Sheet2!E$11+F32*Sheet2!E$12+CEILING(((Sheet1!N32-MIN(N:N))/(MAX(N:N)-MIN(N:N))*5),1)*Sheet2!E$13 -> 0.4068525 | AA32: =B32*Sheet2!E$14+C32*Sheet2!E$15+M32*Sheet2!E$16+R32*Sheet2!E$17 -> 0.10765039 | AB32: =SUM(W32:AA32) -> 2.4701731
A33: 22 19 01 000018 | B33: 3 | C33: 1 | D33: 3 | E33: 43466 | F33: 4 | G33: Jute Yarn | H33: 1 | I33: 3 | J33: 5 | K33: 149.31102 | L33: 4.725 | M33: 3 | N33: 1 | O33: 43468 | P33: V14 | Q33: Golaroa, Saturia, Manikgonj,Bangladesh | R33: 5 | S33: 40.307393 | T33: 82.152 | U33: 2 | V33: 2.0381373 | W33: =Sheet1!J33*Sheet2!E$2+CEILING(((Sheet1!K33-MIN(K:K))/(MAX(K:K)-MIN(K:K))*5),1)*Sheet2!E$3+CEILING(((Sheet1!L33-MIN(L:L))/(MAX(L:L)-MIN(L:L))*5),1)*Sheet2!E$4+Sheet1!D33*Sheet2!E$5 -> 1.5385718 | X33: =CEILING(((Sheet1!S33-MIN(S:S))/(MAX(S:S)-MIN(S:S))*5),1)*Sheet2!E$6+CEILING(((Sheet1!T33-MIN(T:T))/(MAX(T:T)-MIN(T:T))*5),1)*Sheet2!E$7+CEILING(((Sheet1!V33-MIN(V:V))/(MAX(V:V)-MIN(V:V))*5),1)*Sheet2!E$8 -> 0.25202436 | Y33: =CEILING(((Sheet1!U33-MIN(U:U))/(MAX(U:U)-MIN(U:U))*5),1)*Sheet2!E$9 -> 0.16507402 | Z33: =CEILING(((Sheet1!H33-MIN(H:H))/(MAX(H:H)-MIN(H:H))*5),1)*Sheet2!E$10+I33*Sheet2!E$11+F33*Sheet2!E$12+CEILING(((Sheet1!N33-MIN(N:N))/(MAX(N:N)-MIN(N:N))*5),1)*Sheet2!E$13 -> 0.4068525 | AA33: =B33*Sheet2!E$14+C33*Sheet2!E$15+M33*Sheet2!E$16+R33*Sheet2!E$17 -> 0.10765039 | AB33: =SUM(W33:AA33) -> 2.4701731
A34: 22 19 01 000021 | B34: 5 | C34: 5 | D34: 3 | E34: 43466 | F34: 4 | G34: Jute Yarn | H34: 1 | I34: 5 | J34: 3 | K34: 152.59843 | L34: 5.25 | M34: 5 | N34: 0 | O34: 43468 | P34: V90 | Q34: Dr. Abdul Latif- Ayesha Tower, Kamarjuri, PO: National University, Gazipur-1704 | R34: 4 | S34: 3.7497429 | T34: 7.44 | U34: 2 | V34: 1.984136 | W34: =Sheet1!J34*Sheet2!E$2+CEILING(((Sheet1!K34-MIN(K:K))/(MAX(K:K)-MIN(K:K))*5),1)*Sheet2!E$3+CEILING(((Sheet1!L34-MIN(L:L))/(MAX(L:L)-MIN(L:L))*5),1)*Sheet2!E$4+Sheet1!D34*Sheet2!E$5 -> 1.2235709 | X34: =CEILING(((Sheet1!S34-MIN(S:S))/(MAX(S:S)-MIN(S:S))*5),1)*Sheet2!E$6+CEILING(((Sheet1!T34-MIN(T:T))/(MAX(T:T)-MIN(T:T))*5),1)*Sheet2!E$7+CEILING(((Sheet1!V34-MIN(V:V))/(MAX(V:V)-MIN(V:V))*5),1)*Sheet2!E$8 -> 0.25202436 | Y34: =CEILING(((Sheet1!U34-MIN(U:U))/(MAX(U:U)-MIN(U:U))*5),1)*Sheet2!E$9 -> 0.16507402 | Z34: =CEILING(((Sheet1!H34-MIN(H:H))/(MAX(H:H)-MIN(H:H))*5),1)*Sheet2!E$10+I34*Sheet2!E$11+F34*Sheet2!E$12+CEILING(((Sheet1!N34-MIN(N:N))/(MAX(N:N)-MIN(N:N))*5),1)*Sheet2!E$13 -> 0.21097387 | AA34: =B34*Sheet2!E$14+C34*Sheet2!E$15+M34*Sheet2!E$16+R34*Sheet2!E$17 -> 0.20800958 | AB34: =SUM(W34:AA34) -> 2.0596527
A35: 22 19 01 000021 | B35: 5 | C35: 5 | D35: 3 | E35: 43466 | F35: 4 | G35: Jute Yarn | H35: 1 | I35: 5 | J35: 3 | K35: 155.88583 | L35: 5.25 | M35: 5 | N35: 0 | O35: 43468 | P35: V90 | Q35: Dr. Abdul Latif- Ayesha Tower, Kamarjuri, PO: National University, Gazipur-1704 | R35: 4 | S35: 1.3147536 | T35: 2.61 | U35: 2 | V35: 1.9851628 | W35: =Sheet1!J35*Sheet2!E$2+CEILING(((Sheet1!K35-MIN(K:K))/(MAX(K:K)-MIN(K:K))*5),1)*Sheet2!E$3+CEILING(((Sheet1!L35-MIN(L:L))/(MAX(L:L)-MIN(L:L))*5),1)*Sheet2!E$4+Sheet1!D35*Sheet2!E$5 -> 1.2235709 | X35: =CEILING(((Sheet1!S35-MIN(S:S))/(MAX(S:S)-MIN(S:S))*5),1)*Sheet2!E$6+CEILING(((Sheet1!T35-MIN(T:T))/(MAX(T:T)-MIN(T:T))*5),1)*Sheet2!E$7+CEILING(((Sheet1!V35-MIN(V:V))/(MAX(V:V)-MIN(V:V))*5),1)*Sheet2!E$8 -> 0.25202436 | Y35: =CEILING(((Sheet1!U35-MIN(U:U))/(MAX(U:U)-MIN(U:U))*5),1)*Sheet2!E$9 -> 0.16507402 | Z35: =CEILING(((Sheet1!H35-MIN(H:H))/(MAX(H:H)-MIN(H:H))*5),1)*Sheet2!E$10+I35*Sheet2!E$11+F35*Sheet2!E$12+CEILING(((Sheet1!N35-MIN(N:N))/(MAX(N:N)-MIN(N:N))*5),1)*Sheet2!E$13 -> 0.21097387 | AA35: =B35*Sheet2!E$14+C35*Sheet2!E$15+M35*Sheet2!E$16+R35*Sheet2!E$17 -> 0.20800958 | AB35: =SUM(W35:AA35) -> 2.0596527
A36: 22 19 01 000022 | B36: 4 | C36: 3 | D36: 3 | E36: 43466 | F36: 4 | G36: Jute Yarn | H36: 1 | I36: 3 | J36: 5 | K36: 269.672 | L36: 4.9 | M36: 3 | N36: 1 | O36: 43467 | P36: V19 | Q36: Plot#M-3, Road#5, Section#7, Mirpur, Dhaka-1216. | R36: 3 | S36: 40.967432 | T36: 80.64 | U36: 1 | V36: 1.9683929 | W36: =Sheet1!J36*Sheet2!E$2+CEILING(((Sheet1!K36-MIN(K:K))/(MAX(K:K)-MIN(K:K))*5),1)*Sheet2!E$3+CEILING(((Sheet1!L36-MIN(L:L))/(MAX(L:L)-MIN(L:L))*5),1)*Sheet2!E$4+Sheet1!D36*Sheet2!E$5 -> 1.7440987 | X36: =CEILING(((Sheet1!S36-MIN(S:S))/(MAX(S:S)-MIN(S:S))*5),1)*Sheet2!E$6+CEILING(((Sheet1!T36-MIN(T:T))/(MAX(T:T)-MIN(T:T))*5),1)*Sheet2!E$7+CEILING(((Sheet1!V36-MIN(V:V))/(MAX(V:V)-MIN(V:V))*5),1)*Sheet2!E$8 -> 0.25202436 | Y36: =CEILING(((Sheet1!U36-MIN(U:U))/(MAX(U:U)-MIN(U:U))*5),1)*Sheet2!E$9 -> 0.16507402 | Z36: =CEILING(((Sheet1!H36-MIN(H:H))/(MAX(H:H)-MIN(H:H))*5),1)*Sheet2!E$10+I36*Sheet2!E$11+F36*Sheet2!E$12+CEILING(((Sheet1!N36-MIN(N:N))/(MAX(N:N)-MIN(N:N))*5),1)*Sheet2!E$13 -> 0.4068525 | AA36: =B36*Sheet2!E$14+C36*Sheet2!E$15+M36*Sheet2!E$16+R36*Sheet2!E$17 -> 0.14724787 | AB36: =SUM(W36:AA36) -> 2.7152975
A37: 22 19 01 000024 | B37: 4 | C37: 3 | D37: 3 | E37: 43466 | F37: 4 | G37: Jute Yarn | H37: 1 | I37: 3 | J37: 5 | K37: 189.0778 | L37: 5.25 | M37: 3 | N37: 1 | O37: 43467 | P37: V110 | Q37: Baron, Earpur Union, Ashulia, Savar, Dhaka-1349. | R37: 5 | S37: 370.22589 | T37: 797.65 | U37: 1 | V37: 2.1544955 | W37: =Sheet1!J37*Sheet2!E$2+CEILING(((Sheet1!K37-MIN(K:K))/(MAX(K:K)-MIN(K:K))*5),1)*Sheet2!E$3+CEILING(((Sheet1!L37-MIN(L:L))/(MAX(L:L)-MIN(L:L))*5),1)*Sheet2!E$4+Sheet1!D37*Sheet2!E$5 -> 1.7386202 | X37: =CEILING(((Sheet1!S37-MIN(S:S))/(MAX(S:S)-MIN(S:S))*5),1)*Sheet2!E$6+CEILING(((Sheet1!T37-MIN(T:T))/(MAX(T:T)-MIN(T:T))*5),1)*Sheet2!E$7+CEILING(((Sheet1!V37-MIN(V:V))/(MAX(V:V)-MIN(V:V))*5),1)*Sheet2!E$8 -> 0.32846077 | Y37: =CEILING(((Sheet1!U37-MIN(U:U))/(MAX(U:U)-MIN(U:U))*5),1)*Sheet2!E$9 -> 0.16507402 | Z37: =CEILING(((Sheet1!H37-MIN(H:H))/(MAX(H:H)-MIN(H:H))*5),1)*Sheet2!E$10+I37*Sheet2!E$11+F37*Sheet2!E$12+CEILING(((Sheet1!N37-MIN(N:N))/(MAX(N:N)-MIN(N:N))*5),1)*Sheet2!E$13 -> 0.4068525 | AA37: =B37*Sheet2!E$14+C37*Sheet2!E$15+M37*Sheet2!E$16+R37*Sheet2!E$17 -> 0.15286518 | AB37: =SUM(W37:AA37) -> 2.7918726
A38: 22 19 01 000025 | B38: 5 | C38: 4 | D38: 3 | E38: 43466 | F38: 4 | G38: Jute Yarn | H38: 1 | I38: 3 | J38: 5 | K38: 136.16142 | L38: 5.25 | M38: 3 | N38: 1 | O38: 43468 | P38: V20 | Q38: Bagan,Trishal, Maymensing | R38: 3 | S38: 171.22732 | T38: 369 | U38: 2 | V38: 2.1550299 | W38: =Sheet1!J38*Sheet2!E$2+CEILING(((Sheet1!K38-MIN(K:K))/(MAX(K:K)-MIN(K:K))*5),1)*Sheet2!E$3+CEILING(((Sheet1!L38-MIN(L:L))/(MAX(L:L)-MIN(L:L))*5),1)*Sheet2!E$4+Sheet1!D38*Sheet2!E$5 -> 1.6701112 | X38: =CEILING(((Sheet1!S38-MIN(S:S))/(MAX(S:S)-MIN(S:S))*5),1)*Sheet2!E$6+CEILING(((Sheet1!T38-MIN(T:T))/(MAX(T:T)-MIN(T:T))*5),1)*Sheet2!E$7+CEILING(((Sheet1!V38-MIN(V:V))/(MAX(V:V)-MIN(V:V))*5),1)*Sheet2!E$8 -> 0.25202436 | Y38: =CEILING(((Sheet1!U38-MIN(U:U))/(MAX(U:U)-MIN(U:U))*5),1)*Sheet2!E$9 -> 0.16507402 | Z38: =CEILING(((Sheet1!H38-MIN(H:H))/(MAX(H:H)-MIN(H:H))*5),1)*Sheet2!E$10+I38*Sheet2!E$11+F38*Sheet2!E$12+CEILING(((Sheet1!N38-MIN(N:N))/(MAX(N:N)-MIN(N:N))*5),1)*Sheet2!E$13 -> 0.4068525 | AA38: =B38*Sheet2!E$14+C38*Sheet2!E$15+M38*Sheet2!E$16+R38*Sheet2!E$17 -> 0.18023374 | AB38: =SUM(W38:AA38) -> 2.6742958
A39: 22 19 01 000029 | B39: 5 | C39: 5 | D39: 3 | E39: 43466 | F39: 4 | G39: Jute Yarn | H39: 1 | I39: 5 | J39: 4 | K39: 152.59843 | L39: 5.25 | M39: 5 | N39: 0 | O39: 43468 | P39: V90 | Q39: Dr. Abdul Latif- Ayesha Tower, Kamarjuri, PO: National University, Gazipur-1704 | R39: 4 | S39: 9.7493315 | T39: 19.344 | U39: 2 | V39: 1.984136 | W39: =Sheet1!J39*Sheet2!E$2+CEILING(((Sheet1!K39-MIN(K:K))/(MAX(K:K)-MIN(K:K))*5),1)*Sheet2!E$3+CEILING(((Sheet1!L39-MIN(L:L))/(MAX(L:L)-MIN(L:L))*5),1)*Sheet2!E$4+Sheet1!D39*Sheet2!E$5 -> 1.446841 | X39: =CEILING(((Sheet1!S39-MIN(S:S))/(MAX(S:S)-MIN(S:S))*5),1)*Sheet2!E$6+CEILING(((Sheet1!T39-MIN(T:T))/(MAX(T:T)-MIN(T:T))*5),1)*Sheet2!E$7+CEILING(((Sheet1!V39-MIN(V:V))/(MAX(V:V)-MIN(V:V))*5),1)*Sheet2!E$8 -> 0.25202436 | Y39: =CEILING(((Sheet1!U39-MIN(U:U))/(MAX(U:U)-MIN(U:U))*5),1)*Sheet2!E$9 -> 0.16507402 | Z39: =CEILING(((Sheet1!H39-MIN(H:H))/(MAX(H:H)-MIN(H:H))*5),1)*Sheet2!E$10+I39*Sheet2!E$11+F39*Sheet2!E$12+CEILING(((Sheet1!N39-MIN(N:N))/(MAX(N:N)-MIN(N:N))*5),1)*Sheet2!E$13 -> 0.21097387 | AA39: =B39*Sheet2!E$14+C39*Sheet2!E$15+M39*Sheet2!E$16+R39*Sheet2!E$17 -> 0.20800958 | AB39: =SUM(W39:AA39) -> 2.2829229
A40: 22 19 01 000029 | B40: 5 | C40: 5 | D40: 3 | E40: 43466 | F40: 4 | G40: Jute Yarn | H40: 1 | I40: 5 | J40: 3 | K40: 155.88583 | L40: 5.25 | M40: 5 | N40: 0 | O40: 43468 | P40: V90 | Q40: Dr. Abdul Latif- Ayesha Tower, Kamarjuri, PO: National University, Gazipur-1704 | R40: 4 | S40: 5.2590144 | T40: 10.44 | U40: 2 | V40: 1.9851628 | W40: =Sheet1!J40*Sheet2!E$2+CEILING(((Sheet1!K40-MIN(K:K))/(MAX(K:K)-MIN(K:K))*5),1)*Sheet2!E$3+CEILING(((Sheet1!L40-MIN(L:L))/(MAX(L:L)-MIN(L:L))*5),1)*Sheet2!E$4+Sheet1!D40*Sheet2!E$5 -> 1.2235709 | X40: =CEILING(((Sheet1!S40-MIN(S:S))/(MAX(S:S)-MIN(S:S))*5),1)*Sheet2!E$6+CEILING(((Sheet1!T40-MIN(T:T))/(MAX(T:T)-MIN(T:T))*5),1)*Sheet2!E$7+CEILING(((Sheet1!V40-MIN(V:V))/(MAX(V:V)-MIN(V:V))*5),1)*Sheet2!E$8 -> 0.25202436 | Y40: =CEILING(((Sheet1!U40-MIN(U:U))/(MAX(U:U)-MIN(U:U))*5),1)*Sheet2!E$9 -> 0.16507402 | Z40: =CEILING(((Sheet1!H40-MIN(H:H))/(MAX(H:H)-MIN(H:H))*5),1)*Sheet2!E$10+I40*Sheet2!E$11+F40*Sheet2!E$12+CEILING(((Sheet1!N40-MIN(N:N))/(MAX(N:N)-MIN(N:N))*5),1)*Sheet2!E$13 -> 0.21097387 | AA40: =B40*Sheet2!E$14+C40*Sheet2!E$15+M40*Sheet2!E$16+R40*Sheet2!E$17 -> 0.20800958 | AB40: =SUM(W40:AA40) -> 2.0596527
A41: 22 19 01 000030 | B41: 5 | C41: 4 | D41: 3 | E41: 43466 | F41: 4 | G41: Jute Yarn | H41: 1 | I41: 5 | J41: 3 | K41: 132.87402 | L41: 4.9 | M41: 3 | N41: 1 | O41: 43468 | P41: V20 | Q41: Bagan,Trishal, Maymensing | R41: 3 | S41: 4.1577149 | T41: 8.96 | U41: 2 | V41: 2.1550299 | W41: =Sheet1!J41*Sheet2!E$2+CEILING(((Sheet1!K41-MIN(K:K))/(MAX(K:K)-MIN(K:K))*5),1)*Sheet2!E$3+CEILING(((Sheet1!L41-MIN(L:L))/(MAX(L:L)-MIN(L:L))*5),1)*Sheet2!E$4+Sheet1!D41*Sheet2!E$5 -> 1.0920314 | X41: =CEILING(((Sheet1!S41-MIN(S:S))/(MAX(S:S)-MIN(S:S))*5),1)*Sheet2!E$6+CEILING(((Sheet1!T41-MIN(T:T))/(MAX(T:T)-MIN(T:T))*5),1)*Sheet2!E$7+CEILING(((Sheet1!V41-MIN(V:V))/(MAX(V:V)-MIN(V:V))*5),1)*Sheet2!E$8 -> 0.25202436 | Y41: =CEILING(((Sheet1!U41-MIN(U:U))/(MAX(U:U)-MIN(U:U))*5),1)*Sheet2!E$9 -> 0.16507402 | Z41: =CEILING(((Sheet1!H41-MIN(H:H))/(MAX(H:H)-MIN(H:H))*5),1)*Sheet2!E$10+I41*Sheet2!E$11+F41*Sheet2!E$12+CEILING(((Sheet1!N41-MIN(N:N))/(MAX(N:N)-MIN(N:N))*5),1)*Sheet2!E$13 -> 0.43011082 | AA41: =B41*Sheet2!E$14+C41*Sheet2!E$15+M41*Sheet2!E$16+R41*Sheet2!E$17 -> 0.18023374 | AB41: =SUM(W41:AA41) -> 2.1194744
A42: 22 19 01 000032 | B42: 5 | C42: 4 | D42: 3 | E42: 43466 | F42: 4 | G42: Jute Yarn | H42: 0 | I42: 3 | J42: 5 | K42: 176.3524 | L42: 5.25 | M42: 3 | N42: 1 | O42: 43468 | P42: V13 | Q42: Jarun, Konabari, Kashimpur Road, Gazipur. | R42: 5 | S42: 2.6127189 | T42: 5.82 | U42: 2 | V42: 2.2275646 | W42: =Sheet1!J42*Sheet2!E$2+CEILING(((Sheet1!K42-MIN(K:K))/(MAX(K:K)-MIN(K:K))*5),1)*Sheet2!E$3+CEILING(((Sheet1!L42-MIN(L:L))/(MAX(L:L)-MIN(L:L))*5),1)*Sheet2!E$4+Sheet1!D42*Sheet2!E$5 -> 1.7386202 | X42: =CEILING(((Sheet1!S42-MIN(S:S))/(MAX(S:S)-MIN(S:S))*5),1)*Sheet2!E$6+CEILING(((Sheet1!T42-MIN(T:T))/(MAX(T:T)-MIN(T:T))*5),1)*Sheet2!E$7+CEILING(((Sheet1!V42-MIN(V:V))/(MAX(V:V)-MIN(V:V))*5),1)*Sheet2!E$8 -> 0.25202436 | Y42: =CEILING(((Sheet1!U42-MIN(U:U))/(MAX(U:U)-MIN(U:U))*5),1)*Sheet2!E$9 -> 0.16507402 | Z42: =CEILING(((Sheet1!H42-MIN(H:H))/(MAX(H:H)-MIN(H:H))*5),1)*Sheet2!E$10+I42*Sheet2!E$11+F42*Sheet2!E$12+CEILING(((Sheet1!N42-MIN(N:N))/(MAX(N:N)-MIN(N:N))*5),1)*Sheet2!E$13 -> 0.27774847 | AA42: =B42*Sheet2!E$14+C42*Sheet2!E$15+M42*Sheet2!E$16+R42*Sheet2!E$17 -> 0.18585105 | AB42: =SUM(W42:AA42) -> 2.6193181
A43: 22 19 01 000032 | B43: 5 | C43: 4 | D43: 3 | E43: 43466 | F43: 4 | G43: Jute Yarn | H43: 0 | I43: 3 | J43: 5 | K43: 201.8032 | L43: 5.25 | M43: 3 | N43: 1 | O43: 43468 | P43: V13 | Q43: Jarun, Konabari, Kashimpur Road, Gazipur. | R43: 5 | S43: 7.199492 | T43: 15.593 | U43: 2 | V43: 2.1658473 | W43: =Sheet1!J43*Sheet2!E$2+CEILING(((Sheet1!K43-MIN(K:K))/(MAX(K:K)-MIN(K:K))*5),1)*Sheet2!E$3+CEILING(((Sheet1!L43-MIN(L:L))/(MAX(L:L)-MIN(L:L))*5),1)*Sheet2!E$4+Sheet1!D43*Sheet2!E$5 -> 1.7386202 | X43: =CEILING(((Sheet1!S43-MIN(S:S))/(MAX(S:S)-MIN(S:S))*5),1)*Sheet2!E$6+CEILING(((Sheet1!T43-MIN(T:T))/(MAX(T:T)-MIN(T:T))*5),1)*Sheet2!E$7+CEILING(((Sheet1!V43-MIN(V:V))/(MAX(V:V)-MIN(V:V))*5),1)*Sheet2!E$8 -> 0.25202436 | Y43: =CEILING(((Sheet1!U43-MIN(U:U))/(MAX(U:U)-MIN(U:U))*5),1)*Sheet2!E$9 -> 0.16507402 | Z43: =CEILING(((Sheet1!H43-MIN(H:H))/(MAX(H:H)-MIN(H:H))*5),1)*Sheet2!E$10+I43*Sheet2!E$11+F43*Sheet2!E$12+CEILING(((Sheet1!N43-MIN(N:N))/(MAX(N:N)-MIN(N:N))*5),1)*Sheet2!E$13 -> 0.27774847 | AA43: =B43*Sheet2!E$14+C43*Sheet2!E$15+M43*Sheet2!E$16+R43*Sheet2!E$17 -> 0.18585105 | AB43: =SUM(W43:AA43) -> 2.6193181
... A92: 22 19 01 000052 | B92: 4 | C92: 3 | D92: 3 | E92: 43467 | F92: 4 | G92: Jute Yarn | H92: 1 | I92: 4 | J92: 4 | K92: 265.4302 | L92: 4.9 | M92: 5 | N92: 1 | O92: 43470 | P92: V72 | Q92: Kathgora, Jirabo, Ashulia, Savar, Dhaka | R92: 3 | S92: 5.9779008 | T92: 11.88 | U92: 3 | V92: 1.9873197 | W92: =Sheet1!J92*Sheet2!E$2+CEILING(((Sheet1!K92-MIN(K:K))/(MAX(K:K)-MIN(K:K))*5),1)*Sheet2!E$3+CEILING(((Sheet1!L92-MIN(L:L))/(MAX(L:L)-MIN(L:L))*5),1)*Sheet2!E$4+Sheet1!D92*Sheet2!E$5 -> 1.5208285 | X92: =CEILING(((Sheet1!S92-MIN(S:S))/(MAX(S:S)-MIN(S:S))*5),1)*Sheet2!E$6+CEILING(((Sheet1!T92-MIN(T:T))/(MAX(T:T)-MIN(T:T))*5),1)*Sheet2!E$7+CEILING(((Sheet1!V92-MIN(V:V))/(MAX(V:V)-MIN(V:V))*5),1)*Sheet2!E$8 -> 0.25202436 | Y92: =CEILING(((Sheet1!U92-MIN(U:U))/(MAX(U:U)-MIN(U:U))*5),1)*Sheet2!E$9 -> 0.16507402 | Z92: =CEILING(((Sheet1!H92-MIN(H:H))/(MAX(H:H)-MIN(H:H))*5),1)*Sheet2!E$10+I92*Sheet2!E$11+F92*Sheet2!E$12+CEILING(((Sheet1!N92-MIN(N:N))/(MAX(N:N)-MIN(N:N))*5),1)*Sheet2!E$13 -> 0.41848166 | AA92: =B92*Sheet2!E$14+C92*Sheet2!E$15+M92*Sheet2!E$16+R92*Sheet2!E$17 -> 0.15998613 | AB92: =SUM(W92:AA92) -> 2.5163947
A93: 22 19 01 000053 | B93: 5 | C93: 4 | D93: 3 | E93: 43467 | F93: 4 | G93: Jute Yarn | H93: 1 | I93: 4 | J93: 3 | K93: 354.508 | L93: 5.25 | M93: 4 | N93: 0 | O93: 43471 | P93: V38 | Q93: Plot#I/6, Road#6, Section#7, Mirpur I/A, Dhaka | R93: 3 | S93: 1000 | T93: =S93*V93 -> 2425.06 | U93: 4 | V93: 2.42506 | W93: =Sheet1!J93*Sheet2!E$2+CEILING(((Sheet1!K93-MIN(K:K))/(MAX(K:K)-MIN(K:K))*5),1)*Sheet2!E$3+CEILING(((Sheet1!L93-MIN(L:L))/(MAX(L:L)-MIN(L:L))*5),1)*Sheet2!E$4+Sheet1!D93*Sheet2!E$5 -> 1.4976068 | X93: =CEILING(((Sheet1!S93-MIN(S:S))/(MAX(S:S)-MIN(S:S))*5),1)*Sheet2!E$6+CEILING(((Sheet1!T93-MIN(T:T))/(MAX(T:T)-MIN(T:T))*5),1)*Sheet2!E$7+CEILING(((Sheet1!V93-MIN(V:V))/(MAX(V:V)-MIN(V:V))*5),1)*Sheet2!E$8 -> 0.53250274 | Y93: =CEILING(((Sheet1!U93-MIN(U:U))/(MAX(U:U)-MIN(U:U))*5),1)*Sheet2!E$9 -> 0.16507402 | Z93: =CEILING(((Sheet1!H93-MIN(H:H))/(MAX(H:H)-MIN(H:H))*5),1)*Sheet2!E$10+I93*Sheet2!E$11+F93*Sheet2!E$12+CEILING(((Sheet1!N93-MIN(N:N))/(MAX(N:N)-MIN(N:N))*5),1)*Sheet2!E$13 -> 0.19934471 | AA93: =B93*Sheet2!E$14+C93*Sheet2!E$15+M93*Sheet2!E$16+R93*Sheet2!E$17 -> 0.18660286 | AB93: =SUM(W93:AA93) -> 2.5811311
A94: 22 19 01 000053 | B94: 5 | C94: 4 | D94: 3 | E94: 43467 | F94: 4 | G94: Jute Yarn | H94: 1 | I94: 4 | J94: 3 | K94: 176.3524 | L94: 5.25 | M94: 4 | N94: 0 | O94: 43471 | P94: V38 | Q94: Plot#I/6, Road#6, Section#7, Mirpur I/A, Dhaka | R94: 5 | S94: 9.144516 | T94: 22.19 | U94: 4 | V94: 2.426591 | W94: =Sheet1!J94*Sheet2!E$2+CEILING(((Sheet1!K94-MIN(K:K))/(MAX(K:K)-MIN(K:K))*5),1)*Sheet2!E$3+CEILING(((Sheet1!L94-MIN(L:L))/(MAX(L:L)-MIN(L:L))*5),1)*Sheet2!E$4+Sheet1!D94*Sheet2!E$5 -> 1.2920798 | X94: =CEILING(((Sheet1!S94-MIN(S:S))/(MAX(S:S)-MIN(S:S))*5),1)*Sheet2!E$6+CEILING(((Sheet1!T94-MIN(T:T))/(MAX(T:T)-MIN(T:T))*5),1)*Sheet2!E$7+CEILING(((Sheet1!V94-MIN(V:V))/(MAX(V:V)-MIN(V:V))*5),1)*Sheet2!E$8 -> 0.25202436 | Y94: =CEILING(((Sheet1!U94-MIN(U:U))/(MAX(U:U)-MIN(U:U))*5),1)*Sheet2!E$9 -> 0.16507402 | Z94: =CEILING(((Sheet1!H94-MIN(H:H))/(MAX(H:H)-MIN(H:H))*5),1)*Sheet2!E$10+I94*Sheet2!E$11+F94*Sheet2!E$12+CEILING(((Sheet1!N94-MIN(N:N))/(MAX(N:N)-MIN(N:N))*5),1)*Sheet2!E$13 -> 0.19934471 | AA94: =B94*Sheet2!E$14+C94*Sheet2!E$15+M94*Sheet2!E$16+R94*Sheet2!E$17 -> 0.19222017 | AB94: =SUM(W94:AA94) -> 2.1007431
A95: 22 19 01 000053 | B95: 5 | C95: 4 | D95: 3 | E95: 43467 | F95: 4 | G95: Jute Yarn | H95: 1 | I95: 4 | J95: 3 | K95: 201.8032 | L95: 5.25 | M95: 4 | N95: 0 | O95: 43471 | P95: V38 | Q95: Plot#I/6, Road#6, Section#7, Mirpur I/A, Dhaka | R95: 5 | S95: 10.450875 | T95: 25.36 | U95: 4 | V95: 2.426591 | W95: =Sheet1!J95*Sheet2!E$2+CEILING(((Sheet1!K95-MIN(K:K))/(MAX(K:K)-MIN(K:K))*5),1)*Sheet2!E$3+CEILING(((Sheet1!L95-MIN(L:L))/(MAX(L:L)-MIN(L:L))*5),1)*Sheet2!E$4+Sheet1!D95*Sheet2!E$5 -> 1.2920798 | X95: =CEILING(((Sheet1!S95-MIN(S:S))/(MAX(S:S)-MIN(S:S))*5),1)*Sheet2!E$6+CEILING(((Sheet1!T95-MIN(T:T))/(MAX(T:T)-MIN(T:T))*5),1)*Sheet2!E$7+CEILING(((Sheet1!V95-MIN(V:V))/(MAX(V:V)-MIN(V:V))*5),1)*Sheet2!E$8 -> 0.25202436 | Y95: =CEILING(((Sheet1!U95-MIN(U:U))/(MAX(U:U)-MIN(U:U))*5),1)*Sheet2!E$9 -> 0.16507402 | Z95: =CEILING(((Sheet1!H95-MIN(H:H))/(MAX(H:H)-MIN(H:H))*5),1)*Sheet2!E$10+I95*Sheet2!E$11+F95*Sheet2!E$12+CEILING(((Sheet1!N95-MIN(N:N))/(MAX(N:N)-MIN(N:N))*5),1)*Sheet2!E$13 -> 0.19934471 | AA95: =B95*Sheet2!E$14+C95*Sheet2!E$15+M95*Sheet2!E$16+R95*Sheet2!E$17 -> 0.19222017 | AB95: =SUM(W95:AA95) -> 2.1007431
A96: 22 19 01 000053 | B96: 5 | C96: 4 | D96: 3 | E96: 43467 | F96: 4 | G96: Jute Yarn | H96: 1 | I96: 4 | J96: 3 | K96: 261.1884 | L96: 5.25 | M96: 4 | N96: 0 | O96: 43471 | P96: V38 | Q96: Plot#I/6, Road#6, Section#7, Mirpur I/A, Dhaka | R96: 5 | S96: 6.8946748 | T96: 16.72 | U96: 4 | V96: 2.42506 | W96: =Sheet1!J96*Sheet2!E$2+CEILING(((Sheet1!K96-MIN(K:K))/(MAX(K:K)-MIN(K:K))*5),1)*Sheet2!E$3+CEILING(((Sheet1!L96-MIN(L:L))/(MAX(L:L)-MIN(L:L))*5),1)*Sheet2!E$4+Sheet1!D96*Sheet2!E$5 -> 1.4290978 | X96: =CEILING(((Sheet1!S96-MIN(S:S))/(MAX(S:S)-MIN(S:S))*5),1)*Sheet2!E$6+CEILING(((Sheet1!T96-MIN(T:T))/(MAX(T:T)-MIN(T:T))*5),1)*Sheet2!E$7+CEILING(((Sheet1!V96-MIN(V:V))/(MAX(V:V)-MIN(V:V))*5),1)*Sheet2!E$8 -> 0.25202436 | Y96: =CEILING(((Sheet1!U96-MIN(U:U))/(MAX(U:U)-MIN(U:U))*5),1)*Sheet2!E$9 -> 0.16507402 | Z96: =CEILING(((Sheet1!H96-MIN(H:H))/(MAX(H:H)-MIN(H:H))*5),1)*Sheet2!E$10+I96*Sheet2!E$11+F96*Sheet2!E$12+CEILING(((Sheet1!N96-MIN(N:N))/(MAX(N:N)-MIN(N:N))*5),1)*Sheet2!E$13 -> 0.19934471 | AA96: =B96*Sheet2!E$14+C96*Sheet2!E$15+M96*Sheet2!E$16+R96*Sheet2!E$17 -> 0.19222017 | AB96: =SUM(W96:AA96) -> 2.237761
A97: 22 19 01 000054 | B97: 5 | C97: 4 | D97: 3 | E97: 43468 | F97: 4 | G97: Jute Yarn | H97: 1 | I97: 4 | J97: 3 | K97: 223.0122 | L97: 5.25 | M97: 3 | N97: 0 | O97: 43498 | P97: V27 | Q97: Ismail Plaza 51/52 Shah Kabir Road Moushair, Dakhin Khan, Uttara, Dhaka-1230. | R97: 5 | S97: 14.343464 | T97: 34.7706 | U97: 25 | V97: 2.4241425 | W97: =Sheet1!J97*Sheet2!E$2+CEILING(((Sheet1!K97-MIN(K:K))/(MAX(K:K)-MIN(K:K))*5),1)*Sheet2!E$3+CEILING(((Sheet1!L97-MIN(L:L))/(MAX(L:L)-MIN(L:L))*5),1)*Sheet2!E$4+Sheet1!D97*Sheet2!E$5 -> 1.3605888 | X97: =CEILING(((Sheet1!S97-MIN(S:S))/(MAX(S:S)-MIN(S:S))*5),1)*Sheet2!E$6+CEILING(((Sheet1!T97-MIN(T:T))/(MAX(T:T)-MIN(T:T))*5),1)*Sheet2!E$7+CEILING(((Sheet1!V97-MIN(V:V))/(MAX(V:V)-MIN(V:V))*5),1)*Sheet2!E$8 -> 0.25202436 | Y97: =CEILING(((Sheet1!U97-MIN(U:U))/(MAX(U:U)-MIN(U:U))*5),1)*Sheet2!E$9 -> 0.82537012 | Z97: =CEILING(((Sheet1!H97-MIN(H:H))/(MAX(H:H)-MIN(H:H))*5),1)*Sheet2!E$10+I97*Sheet2!E$11+F97*Sheet2!E$12+CEILING(((Sheet1!N97-MIN(N:N))/(MAX(N:N)-MIN(N:N))*5),1)*Sheet2!E$13 -> 0.19934471 | AA97: =B97*Sheet2!E$14+C97*Sheet2!E$15+M97*Sheet2!E$16+R97*Sheet2!E$17 -> 0.18585105 | AB97: =SUM(W97:AA97) -> 2.823179
A98: 22 19 01 000062 | B98: 4 | C98: 3 | D98: 3 | E98: 43468 | F98: 4 | G98: Jute Yarn | H98: 1 | I98: 3 | J98: 5 | K98: 139.44882 | L98: 4.9 | M98: 2 | N98: 1 | O98: 43471 | P98: V102 | Q98: SSFB#3, Adamjee EPZ, Siddirgonj, Narayangonj, Bangladesh. | R98: 5 | S98: 110.19744 | T98: 238.39 | U98: 3 | V98: 2.1632988 | W98: =Sheet1!J98*Sheet2!E$2+CEILING(((Sheet1!K98-MIN(K:K))/(MAX(K:K)-MIN(K:K))*5),1)*Sheet2!E$3+CEILING(((Sheet1!L98-MIN(L:L))/(MAX(L:L)-MIN(L:L))*5),1)*Sheet2!E$4+Sheet1!D98*Sheet2!E$5 -> 1.5385718 | X98: =CEILING(((Sheet1!S98-MIN(S:S))/(MAX(S:S)-MIN(S:S))*5),1)*Sheet2!E$6+CEILING(((Sheet1!T98-MIN(T:T))/(MAX(T:T)-MIN(T:T))*5),1)*Sheet2!E$7+CEILING(((Sheet1!V98-MIN(V:V))/(MAX(V:V)-MIN(V:V))*5),1)*Sheet2!E$8 -> 0.25202436 | Y98: =CEILING(((Sheet1!U98-MIN(U:U))/(MAX(U:U)-MIN(U:U))*5),1)*Sheet2!E$9 -> 0.16507402 | Z98: =CEILING(((Sheet1!H98-MIN(H:H))/(MAX(H:H)-MIN(H:H))*5),1)*Sheet2!E$10+I98*Sheet2!E$11+F98*Sheet2!E$12+CEILING(((Sheet1!N98-MIN(N:N))/(MAX(N:N)-MIN(N:N))*5),1)*Sheet2!E$13 -> 0.4068525 | AA98: =B98*Sheet2!E$14+C98*Sheet2!E$15+M98*Sheet2!E$16+R98*Sheet2!E$17 -> 0.14649605 | AB98: =SUM(W98:AA98) -> 2.5090187
A99: 22 19 01 000064 | B99: 3 | C99: 1 | D99: 3 | E99: 43468 | F99: 4 | G99: Jute Yarn | H99: 1 | I99: 3 | J99: 3 | K99: 139.44882 | L99: 4.9 | M99: 3 | N99: 0 | O99: 43471 | P99: V14 | Q99: Golaroa, Saturia, Manikgonj,Bangladesh | R99: 5 | S99: 33.207723 | T99: 69.48 | U99: 3 | V99: 2.0922844 | W99: =Sheet1!J99*Sheet2!E$2+CEILING(((Sheet1!K99-MIN(K:K))/(MAX(K:K)-MIN(K:K))*5),1)*Sheet2!E$3+CEILING(((Sheet1!L99-MIN(L:L))/(MAX(L:L)-MIN(L:L))*5),1)*Sheet2!E$4+Sheet1!D99*Sheet2!E$5 -> 1.0920314 | X99: =CEILING(((Sheet1!S99-MIN(S:S))/(MAX(S:S)-MIN(S:S))*5),1)*Sheet2!E$6+CEILING(((Sheet1!T99-MIN(T:T))/(MAX(T:T)-MIN(T:T))*5),1)*Sheet2!E$7+CEILING(((Sheet1!V99-MIN(V:V))/(MAX(V:V)-MIN(V:V))*5),1)*Sheet2!E$8 -> 0.25202436 | Y99: =CEILING(((Sheet1!U99-MIN(U:U))/(MAX(U:U)-MIN(U:U))*5),1)*Sheet2!E$9 -> 0.16507402 | Z99: =CEILING(((Sheet1!H99-MIN(H:H))/(MAX(H:H)-MIN(H:H))*5),1)*Sheet2!E$10+I99*Sheet2!E$11+F99*Sheet2!E$12+CEILING(((Sheet1!N99-MIN(N:N))/(MAX(N:N)-MIN(N:N))*5),1)*Sheet2!E$13 -> 0.18771555 | AA99: =B99*Sheet2!E$14+C99*Sheet2!E$15+M99*Sheet2!E$16+R99*Sheet2!E$17 -> 0.10765039 | AB99: =SUM(W99:AA99) -> 1.8044958
A100: 22 19 01 000065 | B100: 3 | C100: 1 | D100: 3 | E100: 43468 | F100: 4 | G100: Jute Yarn | H100: 1 | I100: 3 | J100: 3 | K100: 162.46063 | L100: 4.9 | M100: 3 | N100: 0 | O100: 43471 | P100: V14 | Q100: Golaroa, Saturia, Manikgonj,Bangladesh | R100: 5 | S100: 34.924355 | T100: 73.186 | U100: 3 | V100: 2.0955576 | W100: =Sheet1!J100*Sheet2!E$2+CEILING(((Sheet1!K100-MIN(K:K))/(MAX(K:K)-MIN(K:K))*5),1)*Sheet2!E$3+CEILING(((Sheet1!L100-MIN(L:L))/(MAX(L:L)-MIN(L:L))*5),1)*Sheet2!E$4+Sheet1!D100*Sheet2!E$5 -> 1.1605404 | X100: =CEILING(((Sheet1!S100-MIN(S:S))/(MAX(S:S)-MIN(S:S))*5),1)*Sheet2!E$6+CEILING(((Sheet1!T100-MIN(T:T))/(MAX(T:T)-MIN(T:T))*5),1)*Sheet2!E$7+CEILING(((Sheet1!V100-MIN(V:V))/(MAX(V:V)-MIN(V:V))*5),1)*Sheet2!E$8 -> 0.25202436 | Y100: =CEILING(((Sheet1!U100-MIN(U:U))/(MAX(U:U)-MIN(U:U))*5),1)*Sheet2!E$9 -> 0.16507402 | Z100: =CEILING(((Sheet1!H100-MIN(H:H))/(MAX(H:H)-MIN(H:H))*5),1)*Sheet2!E$10+I100*Sheet2!E$11+F100*Sheet2!E$12+CEILING(((Sheet1!N100-MIN(N:N))/(MAX(N:N)-MIN(N:N))*5),1)*Sheet2!E$13 -> 0.18771555 | AA100: =B100*Sheet2!E$14+C100*Sheet2!E$15+M100*Sheet2!E$16+R100*Sheet2!E$17 -> 0.10765039 | AB100: =SUM(W100:AA100) -> 1.8730047
A101: 22 19 01 000066 | B101: 3 | C101: 1 | D101: 3 | E101: 43468 | F101: 4 | G101: Jute Yarn | H101: 1 | I101: 5 | J101: 5 | K101: 147.99606 | L101: 4.725 | M101: 5 | N101: 1 | O101: 43471 | P101: V97 | Q101: 244,245,250,251 Adamjee EPZ, Shiddhirgonj, Narayanganj, 1431 | R101: 4 | S101: 319.28093 | T101: 650.5992 | U101: 3 | V101: 2.0377014 | W101: =Sheet1!J101*Sheet2!E$2+CEILING(((Sheet1!K101-MIN(K:K))/(MAX(K:K)-MIN(K:K))*5),1)*Sheet2!E$3+CEILING(((Sheet1!L101-MIN(L:L))/(MAX(L:L)-MIN(L:L))*5),1)*Sheet2!E$4+Sheet1!D101*Sheet2!E$5 -> 1.5385718 | X101: =CEILING(((Sheet1!S101-MIN(S:S))/(MAX(S:S)-MIN(S:S))*5),1)*Sheet2!E$6+CEILING(((Sheet1!T101-MIN(T:T))/(MAX(T:T)-MIN(T:T))*5),1)*Sheet2!E$7+CEILING(((Sheet1!V101-MIN(V:V))/(MAX(V:V)-MIN(V:V))*5),1)*Sheet2!E$8 -> 0.30319351 | Y101: =CEILING(((Sheet1!U101-MIN(U:U))/(MAX(U:U)-MIN(U:U))*5),1)*Sheet2!E$9 -> 0.16507402 | Z101: =CEILING(((Sheet1!H101-MIN(H:H))/(MAX(H:H)-MIN(H:H))*5),1)*Sheet2!E$10+I101*Sheet2!E$11+F101*Sheet2!E$12+CEILING(((Sheet1!N101-MIN(N:N))/(MAX(N:N)-MIN(N:N))*5),1)*Sheet2!E$13 -> 0.43011082 | AA101: =B101*Sheet2!E$14+C101*Sheet2!E$15+M101*Sheet2!E$16+R101*Sheet2!E$17 -> 0.11757999 | AB101: =SUM(W101:AA101) -> 2.5545301
A102: 22 19 01 000067 | B102: 4 | C102: 3 | D102: 3 | E102: 43470 | F102: 4 | G102: Jute Yarn | H102: 1 | I102: 3 | J102: 5 | K102: 139.44882 | L102: 4.9 | M102: 2 | N102: 1 | O102: 43471 | P102: V102 | Q102: SSFB#3, Adamjee EPZ, Siddirgonj, Narayangonj, Bangladesh. | R102: 5 | S102: 134.85575 | T102: 292.41 | U102: 1 | V102: 2.1683168 | W102: =Sheet1!J102*Sheet2!E$2+CEILING(((Sheet1!K102-MIN(K:K))/(MAX(K:K)-MIN(K:K))*5),1)*Sheet2!E$3+CEILING(((Sheet1!L102-MIN(L:L))/(MAX(L:L)-MIN(L:L))*5),1)*Sheet2!E$4+Sheet1!D102*Sheet2!E$5 -> 1.5385718 | X102: =CEILING(((Sheet1!S102-MIN(S:S))/(MAX(S:S)-MIN(S:S))*5),1)*Sheet2!E$6+CEILING(((Sheet1!T102-MIN(T:T))/(MAX(T:T)-MIN(T:T))*5),1)*Sheet2!E$7+CEILING(((Sheet1!V102-MIN(V:V))/(MAX(V:V)-MIN(V:V))*5),1)*Sheet2!E$8 -> 0.25202436 | Y102: =CEILING(((Sheet1!U102-MIN(U:U))/(MAX(U:U)-MIN(U:U))*5),1)*Sheet2!E$9 -> 0.16507402 | Z102: =CEILING(((Sheet1!H102-MIN(H:H))/(MAX(H:H)-MIN(H:H))*5),1)*Sheet2!E$10+I102*Sheet2!E$11+F102*Sheet2!E$12+CEILING(((Sheet1!N102-MIN(N:N))/(MAX(N:N)-MIN(N:N))*5),1)*Sheet2!E$13 -> 0.4068525 | AA102: =B102*Sheet2!E$14+C102*Sheet2!E$15+M102*Sheet2!E$16+R102*Sheet2!E$17 -> 0.14649605 | AB102: =SUM(W102:AA102) -> 2.5090187
A103: 22 19 01 000070 | B103: 5 | C103: 4 | D103: 3 | E103: 43470 | F103: 4 | G103: Jute Yarn | H103: 1 | I103: 4 | J103: 5 | K103: 128.92913 | L103: 5.25 | M103: 3 | N103: 0 | O103: 43470 | P103: V28 | Q103: Plot-I/5, I/7, I/9, I/11 & I/13, Road-6, Section-7, Mirpur I/A, Dhaka-1216, Bangladesh. | R103: 5 | S103: 14.184902 | T103: 35.9285 | U103: 0 | V103: 2.532869 | W103: =Sheet1!J103*Sheet2!E$2+CEILING(((Sheet1!K103-MIN(K:K))/(MAX(K:K)-MIN(K:K))*5),1)*Sheet2!E$3+CEILING(((Sheet1!L103-MIN(L:L))/(MAX(L:L)-MIN(L:L))*5),1)*Sheet2!E$4+Sheet1!D103*Sheet2!E$5 -> 1.6701112 | X103: =CEILING(((Sheet1!S103-MIN(S:S))/(MAX(S:S)-MIN(S:S))*5),1)*Sheet2!E$6+CEILING(((Sheet1!T103-MIN(T:T))/(MAX(T:T)-MIN(T:T))*5),1)*Sheet2!E$7+CEILING(((Sheet1!V103-MIN(V:V))/(MAX(V:V)-MIN(V:V))*5),1)*Sheet2!E$8 -> 0.25202436 | Y103: =CEILING(((Sheet1!U103-MIN(U:U))/(MAX(U:U)-MIN(U:U))*5),1)*Sheet2!E$9 -> 0 | Z103: =CEILING(((Sheet1!H103-MIN(H:H))/(MAX(H:H)-MIN(H:H))*5),1)*Sheet2!E$10+I103*Sheet2!E$11+F103*Sheet2!E$12+CEILING(((Sheet1!N103-MIN(N:N))/(MAX(N:N)-MIN(N:N))*5),1)*Sheet2!E$13 -> 0.19934471 | AA103: =B103*Sheet2!E$14+C103*Sheet2!E$15+M103*Sheet2!E$16+R103*Sheet2!E$17 -> 0.18585105 | AB103: =SUM(W103:AA103) -> 2.3073313
A104: 22 19 01 000070 | B104: 5 | C104: 4 | D104: 3 | E104: 43470 | F104: 4 | G104: Jute Yarn | H104: 1 | I104: 4 | J104: 5 | K104: 130.24409 | L104: 5.25 | M104: 3 | N104: 0 | O104: 43470 | P104: V28 | Q104: Plot-I/5, I/7, I/9, I/11 & I/13, Road-6, Section-7, Mirpur I/A, Dhaka-1216, Bangladesh. | R104: 5 | S104: 0.63648136 | T104: 1.6056 | U104: 0 | V104: 2.522619 | W104: =Sheet1!J104*Sheet2!E$2+CEILING(((Sheet1!K104-MIN(K:K))/(MAX(K:K)-MIN(K:K))*5),1)*Sheet2!E$3+CEILING(((Sheet1!L104-MIN(L:L))/(MAX(L:L)-MIN(L:L))*5),1)*Sheet2!E$4+Sheet1!D104*Sheet2!E$5 -> 1.6701112 | X104: =CEILING(((Sheet1!S104-MIN(S:S))/(MAX(S:S)-MIN(S:S))*5),1)*Sheet2!E$6+CEILING(((Sheet1!T104-MIN(T:T))/(MAX(T:T)-MIN(T:T))*5),1)*Sheet2!E$7+CEILING(((Sheet1!V104-MIN(V:V))/(MAX(V:V)-MIN(V:V))*5),1)*Sheet2!E$8 -> 0.25202436 | Y104: =CEILING(((Sheet1!U104-MIN(U:U))/(MAX(U:U)-MIN(U:U))*5),1)*Sheet2!E$9 -> 0 | Z104: =CEILING(((Sheet1!H104-MIN(H:H))/(MAX(H:H)-MIN(H:H))*5),1)*Sheet2!E$10+I104*Sheet2!E$11+F104*Sheet2!E$12+CEILING(((Sheet1!N104-MIN(N:N))/(MAX(N:N)-MIN(N:N))*5),1)*Sheet2!E$13 -> 0.19934471 | AA104: =B104*Sheet2!E$14+C104*Sheet2!E$15+M104*Sheet2!E$16+R104*Sheet2!E$17 -> 0.18585105 | AB104: =SUM(W104:AA104) -> 2.3073313
A105: 22 19 01 000070 | B105: 5 | C105: 4 | D105: 3 | E105: 43470 | F105: 4 | G105: Jute Yarn | H105: 1 | I105: 4 | J105: 5 | K105: 138.13386 | L105: 5.25 | M105: 3 | N105: 0 | O105: 43470 | P105: V28 | Q105: Plot-I/5, I/7, I/9, I/11 & I/13, Road-6, Section-7, Mirpur I/A, Dhaka-1216, Bangladesh. | R105: 5 | S105: 9.8439188 | T105: 24.4595 | U105: 0 | V105: 2.484732 | W105: =Sheet1!J105*Sheet2!E$2+CEILING(((Sheet1!K105-MIN(K:K))/(MAX(K:K)-MIN(K:K))*5),1)*Sheet2!E$3+CEILING(((Sheet1!L105-MIN(L:L))/(MAX(L:L)-MIN(L:L))*5),1)*Sheet2!E$4+Sheet1!D105*Sheet2!E$5 -> 1.6701112 | X105: =CEILING(((Sheet1!S105-MIN(S:S))/(MAX(S:S)-MIN(S:S))*5),1)*Sheet2!E$6+CEILING(((Sheet1!T105-MIN(T:T))/(MAX(T:T)-MIN(T:T))*5),1)*Sheet2!E$7+CEILING(((Sheet1!V105-MIN(V:V))/(MAX(V:V)-MIN(V:V))*5),1)*Sheet2!E$8 -> 0.25202436 | Y105: =CEILING(((Sheet1!U105-MIN(U:U))/(MAX(U:U)-MIN(U:U))*5),1)*Sheet2!E$9 -> 0 | Z105: =CEILING(((Sheet1!H105-MIN(H:H))/(MAX(H:H)-MIN(H:H))*5),1)*Sheet2!E$10+I105*Sheet2!E$11+F105*Sheet2!E$12+CEILING(((Sheet1!N105-MIN(N:N))/(MAX(N:N)-MIN(N:N))*5),1)*Sheet2!E$13 -> 0.19934471 | AA105: =B105*Sheet2!E$14+C105*Sheet2!E$15+M105*Sheet2!E$16+R105*Sheet2!E$17 -> 0.18585105 | AB105: =SUM(W105:AA105) -> 2.3073313
... A151: 22 19 01 000107 | B151: 5 | C151: 4 | D151: 3 | E151: 43471 | F151: 4 | G151: Jute Yarn | H151: 1 | I151: 4 | J151: 3 | K151: 223.0122 | L151: 5.25 | M151: 4 | N151: 0 | O151: 43472 | P151: V42 | Q151: Nayapara, Banglabazar, Gazipur | R151: 5 | S151: 26.8348 | T151: 65.1015 | U151: 1 | V151: 2.4260103 | W151: =Sheet1!J151*Sheet2!E$2+CEILING(((Sheet1!K151-MIN(K:K))/(MAX(K:K)-MIN(K:K))*5),1)*Sheet2!E$3+CEILING(((Sheet1!L151-MIN(L:L))/(MAX(L:L)-MIN(L:L))*5),1)*Sheet2!E$4+Sheet1!D151*Sheet2!E$5 -> 1.3605888 | X151: =CEILING(((Sheet1!S151-MIN(S:S))/(MAX(S:S)-MIN(S:S))*5),1)*Sheet2!E$6+CEILING(((Sheet1!T151-MIN(T:T))/(MAX(T:T)-MIN(T:T))*5),1)*Sheet2!E$7+CEILING(((Sheet1!V151-MIN(V:V))/(MAX(V:V)-MIN(V:V))*5),1)*Sheet2!E$8 -> 0.25202436 | Y151: =CEILING(((Sheet1!U151-MIN(U:U))/(MAX(U:U)-MIN(U:U))*5),1)*Sheet2!E$9 -> 0.16507402 | Z151: =CEILING(((Sheet1!H151-MIN(H:H))/(MAX(H:H)-MIN(H:H))*5),1)*Sheet2!E$10+I151*Sheet2!E$11+F151*Sheet2!E$12+CEILING(((Sheet1!N151-MIN(N:N))/(MAX(N:N)-MIN(N:N))*5),1)*Sheet2!E$13 -> 0.19934471 | AA151: =B151*Sheet2!E$14+C151*Sheet2!E$15+M151*Sheet2!E$16+R151*Sheet2!E$17 -> 0.19222017 | AB151: =SUM(W151:AA151) -> 2.1692521
A152: 22 19 01 000108 | B152: 4 | C152: 3 | D152: 3 | E152: 43471 | F152: 4 | G152: Jute Yarn | H152: 1 | I152: 3 | J152: 5 | K152: 201.8032 | L152: 5.25 | M152: 3 | N152: 0 | O152: 43473 | P152: V110 | Q152: Baron, Earpur Union, Ashulia, Savar, Dhaka-1349. | R152: 5 | S152: 1000 | T152: =S152*V152 -> 2188.0655 | U152: 2 | V152: 2.1880655 | W152: =Sheet1!J152*Sheet2!E$2+CEILING(((Sheet1!K152-MIN(K:K))/(MAX(K:K)-MIN(K:K))*5),1)*Sheet2!E$3+CEILING(((Sheet1!L152-MIN(L:L))/(MAX(L:L)-MIN(L:L))*5),1)*Sheet2!E$4+Sheet1!D152*Sheet2!E$5 -> 1.7386202 | X152: =CEILING(((Sheet1!S152-MIN(S:S))/(MAX(S:S)-MIN(S:S))*5),1)*Sheet2!E$6+CEILING(((Sheet1!T152-MIN(T:T))/(MAX(T:T)-MIN(T:T))*5),1)*Sheet2!E$7+CEILING(((Sheet1!V152-MIN(V:V))/(MAX(V:V)-MIN(V:V))*5),1)*Sheet2!E$8 -> 0.53250274 | Y152: =CEILING(((Sheet1!U152-MIN(U:U))/(MAX(U:U)-MIN(U:U))*5),1)*Sheet2!E$9 -> 0.16507402 | Z152: =CEILING(((Sheet1!H152-MIN(H:H))/(MAX(H:H)-MIN(H:H))*5),1)*Sheet2!E$10+I152*Sheet2!E$11+F152*Sheet2!E$12+CEILING(((Sheet1!N152-MIN(N:N))/(MAX(N:N)-MIN(N:N))*5),1)*Sheet2!E$13 -> 0.18771555 | AA152: =B152*Sheet2!E$14+C152*Sheet2!E$15+M152*Sheet2!E$16+R152*Sheet2!E$17 -> 0.15286518 | AB152: =SUM(W152:AA152) -> 2.7767777
A153: 22 19 01 000108 | B153: 4 | C153: 3 | D153: 3 | E153: 43471 | F153: 4 | G153: Jute Yarn | H153: 1 | I153: 3 | J153: 5 | K153: 201.8032 | L153: 5.25 | M153: 3 | N153: 0 | O153: 43473 | P153: V110 | Q153: Baron, Earpur Union, Ashulia, Savar, Dhaka-1349. | R153: 5 | S153: 609.6344 | T153: 1329 | U153: 2 | V153: 2.1799951 | W153: =Sheet1!J153*Sheet2!E$2+CEILING(((Sheet1!K153-MIN(K:K))/(MAX(K:K)-MIN(K:K))*5),1)*Sheet2!E$3+CEILING(((Sheet1!L153-MIN(L:L))/(MAX(L:L)-MIN(L:L))*5),1)*Sheet2!E$4+Sheet1!D153*Sheet2!E$5 -> 1.7386202 | X153: =CEILING(((Sheet1!S153-MIN(S:S))/(MAX(S:S)-MIN(S:S))*5),1)*Sheet2!E$6+CEILING(((Sheet1!T153-MIN(T:T))/(MAX(T:T)-MIN(T:T))*5),1)*Sheet2!E$7+CEILING(((Sheet1!V153-MIN(V:V))/(MAX(V:V)-MIN(V:V))*5),1)*Sheet2!E$8 -> 0.43079907 | Y153: =CEILING(((Sheet1!U153-MIN(U:U))/(MAX(U:U)-MIN(U:U))*5),1)*Sheet2!E$9 -> 0.16507402 | Z153: =CEILING(((Sheet1!H153-MIN(H:H))/(MAX(H:H)-MIN(H:H))*5),1)*Sheet2!E$10+I153*Sheet2!E$11+F153*Sheet2!E$12+CEILING(((Sheet1!N153-MIN(N:N))/(MAX(N:N)-MIN(N:N))*5),1)*Sheet2!E$13 -> 0.18771555 | AA153: =B153*Sheet2!E$14+C153*Sheet2!E$15+M153*Sheet2!E$16+R153*Sheet2!E$17 -> 0.15286518 | AB153: =SUM(W153:AA153) -> 2.675074
A154: 22 19 01 000109 | B154: 3 | C154: 2 | D154: 3 | E154: 43471 | F154: 4 | G154: Jute Yarn | H154: 1 | I154: 5 | J154: 1 | K154: 201.8032 | L154: 5.075 | M154: 5 | N154: 0 | O154: 43472 | P154: V83 | Q154: Plot-1945, Kauchuakuri, Kamrangir Chala Mouchak, Kaliakoir, Gazipur, Bangladesh | R154: 4 | S154: 195.95391 | T154: 455 | U154: 1 | V154: 2.3219745 | W154: =Sheet1!J154*Sheet2!E$2+CEILING(((Sheet1!K154-MIN(K:K))/(MAX(K:K)-MIN(K:K))*5),1)*Sheet2!E$3+CEILING(((Sheet1!L154-MIN(L:L))/(MAX(L:L)-MIN(L:L))*5),1)*Sheet2!E$4+Sheet1!D154*Sheet2!E$5 -> 0.71400009 | X154: =CEILING(((Sheet1!S154-MIN(S:S))/(MAX(S:S)-MIN(S:S))*5),1)*Sheet2!E$6+CEILING(((Sheet1!T154-MIN(T:T))/(MAX(T:T)-MIN(T:T))*5),1)*Sheet2!E$7+CEILING(((Sheet1!V154-MIN(V:V))/(MAX(V:V)-MIN(V:V))*5),1)*Sheet2!E$8 -> 0.25202436 | Y154: =CEILING(((Sheet1!U154-MIN(U:U))/(MAX(U:U)-MIN(U:U))*5),1)*Sheet2!E$9 -> 0.16507402 | Z154: =CEILING(((Sheet1!H154-MIN(H:H))/(MAX(H:H)-MIN(H:H))*5),1)*Sheet2!E$10+I154*Sheet2!E$11+F154*Sheet2!E$12+CEILING(((Sheet1!N154-MIN(N:N))/(MAX(N:N)-MIN(N:N))*5),1)*Sheet2!E$13 -> 0.21097387 | AA154: =B154*Sheet2!E$14+C154*Sheet2!E$15+M154*Sheet2!E$16+R154*Sheet2!E$17 -> 0.12980892 | AB154: =SUM(W154:AA154) -> 1.4718813
A155: 22 19 01 000109 | B155: 3 | C155: 2 | D155: 3 | E155: 43471 | F155: 4 | G155: Jute Yarn | H155: 1 | I155: 5 | J155: 1 | K155: 201.8032 | L155: 5.075 | M155: 5 | N155: 0 | O155: 43472 | P155: V83 | Q155: Plot-1945, Kauchuakuri, Kamrangir Chala Mouchak, Kaliakoir, Gazipur, Bangladesh | R155: 4 | S155: 222.0811 | T155: 507 | U155: 1 | V155: 2.2829498 | W155: =Sheet1!J155*Sheet2!E$2+CEILING(((Sheet1!K155-MIN(K:K))/(MAX(K:K)-MIN(K:K))*5),1)*Sheet2!E$3+CEILING(((Sheet1!L155-MIN(L:L))/(MAX(L:L)-MIN(L:L))*5),1)*Sheet2!E$4+Sheet1!D155*Sheet2!E$5 -> 0.71400009 | X155: =CEILING(((Sheet1!S155-MIN(S:S))/(MAX(S:S)-MIN(S:S))*5),1)*Sheet2!E$6+CEILING(((Sheet1!T155-MIN(T:T))/(MAX(T:T)-MIN(T:T))*5),1)*Sheet2!E$7+CEILING(((Sheet1!V155-MIN(V:V))/(MAX(V:V)-MIN(V:V))*5),1)*Sheet2!E$8 -> 0.30319351 | Y155: =CEILING(((Sheet1!U155-MIN(U:U))/(MAX(U:U)-MIN(U:U))*5),1)*Sheet2!E$9 -> 0.16507402 | Z155: =CEILING(((Sheet1!H155-MIN(H:H))/(MAX(H:H)-MIN(H:H))*5),1)*Sheet2!E$10+I155*Sheet2!E$11+F155*Sheet2!E$12+CEILING(((Sheet1!N155-MIN(N:N))/(MAX(N:N)-MIN(N:N))*5),1)*Sheet2!E$13 -> 0.21097387 | AA155: =B155*Sheet2!E$14+C155*Sheet2!E$15+M155*Sheet2!E$16+R155*Sheet2!E$17 -> 0.12980892 | AB155: =SUM(W155:AA155) -> 1.5230504
A156: 22 19 01 000115 | B156: 3 | C156: 1 | D156: 3 | E156: 43472 | F156: 4 | G156: Jute Yarn | H156: 1 | I156: 5 | J156: 3 | K156: 193.3196 | L156: 5.25 | M156: 5 | N156: 1 | O156: 43475 | P156: V89 | Q156: Jamirdia, Habirbari, Valuka, Mymensingh | R156: 4 | S156: 19.974236 | T156: 88.0704 | U156: 3 | V156: 4.4092 | W156: =Sheet1!J156*Sheet2!E$2+CEILING(((Sheet1!K156-MIN(K:K))/(MAX(K:K)-MIN(K:K))*5),1)*Sheet2!E$3+CEILING(((Sheet1!L156-MIN(L:L))/(MAX(L:L)-MIN(L:L))*5),1)*Sheet2!E$4+Sheet1!D156*Sheet2!E$5 -> 1.2920798 | X156: =CEILING(((Sheet1!S156-MIN(S:S))/(MAX(S:S)-MIN(S:S))*5),1)*Sheet2!E$6+CEILING(((Sheet1!T156-MIN(T:T))/(MAX(T:T)-MIN(T:T))*5),1)*Sheet2!E$7+CEILING(((Sheet1!V156-MIN(V:V))/(MAX(V:V)-MIN(V:V))*5),1)*Sheet2!E$8 -> 0.42761231 | Y156: =CEILING(((Sheet1!U156-MIN(U:U))/(MAX(U:U)-MIN(U:U))*5),1)*Sheet2!E$9 -> 0.16507402 | Z156: =CEILING(((Sheet1!H156-MIN(H:H))/(MAX(H:H)-MIN(H:H))*5),1)*Sheet2!E$10+I156*Sheet2!E$11+F156*Sheet2!E$12+CEILING(((Sheet1!N156-MIN(N:N))/(MAX(N:N)-MIN(N:N))*5),1)*Sheet2!E$13 -> 0.43011082 | AA156: =B156*Sheet2!E$14+C156*Sheet2!E$15+M156*Sheet2!E$16+R156*Sheet2!E$17 -> 0.11757999 | AB156: =SUM(W156:AA156) -> 2.432457
A157: 22 19 01 000118 | B157: 4 | C157: 3 | D157: 3 | E157: 43472 | F157: 4 | G157: Jute Yarn | H157: 1 | I157: 4 | J157: 5 | K157: 138.13386 | L157: 4.55 | M157: 5 | N157: 1 | O157: 43477 | P157: V80 | Q157: Tollaroad, Fatullah, Narayanganj. | R157: 4 | S157: 1.8105634 | T157: 3.515 | U157: 5 | V157: 1.9413847 | W157: =Sheet1!J157*Sheet2!E$2+CEILING(((Sheet1!K157-MIN(K:K))/(MAX(K:K)-MIN(K:K))*5),1)*Sheet2!E$3+CEILING(((Sheet1!L157-MIN(L:L))/(MAX(L:L)-MIN(L:L))*5),1)*Sheet2!E$4+Sheet1!D157*Sheet2!E$5 -> 1.5385718 | X157: =CEILING(((Sheet1!S157-MIN(S:S))/(MAX(S:S)-MIN(S:S))*5),1)*Sheet2!E$6+CEILING(((Sheet1!T157-MIN(T:T))/(MAX(T:T)-MIN(T:T))*5),1)*Sheet2!E$7+CEILING(((Sheet1!V157-MIN(V:V))/(MAX(V:V)-MIN(V:V))*5),1)*Sheet2!E$8 -> 0.25202436 | Y157: =CEILING(((Sheet1!U157-MIN(U:U))/(MAX(U:U)-MIN(U:U))*5),1)*Sheet2!E$9 -> 0.16507402 | Z157: =CEILING(((Sheet1!H157-MIN(H:H))/(MAX(H:H)-MIN(H:H))*5),1)*Sheet2!E$10+I157*Sheet2!E$11+F157*Sheet2!E$12+CEILING(((Sheet1!N157-MIN(N:N))/(MAX(N:N)-MIN(N:N))*5),1)*Sheet2!E$13 -> 0.41848166 | AA157: =B157*Sheet2!E$14+C157*Sheet2!E$15+M157*Sheet2!E$16+R157*Sheet2!E$17 -> 0.16279478 | AB157: =SUM(W157:AA157) -> 2.5369466
A158: 22 19 01 000118 | B158: 4 | C158: 3 | D158: 3 | E158: 43472 | F158: 4 | G158: Jute Yarn | H158: 1 | I158: 4 | J158: 5 | K158: 138.13386 | L158: 4.55 | M158: 5 | N158: 1 | O158: 43477 | P158: V80 | Q158: Tollaroad, Fatullah, Narayanganj. | R158: 4 | S158: 5.5197715 | T158: 10.716 | U158: 5 | V158: 1.9413847 | W158: =Sheet1!J158*Sheet2!E$2+CEILING(((Sheet1!K158-MIN(K:K))/(MAX(K:K)-MIN(K:K))*5),1)*Sheet2!E$3+CEILING(((Sheet1!L158-MIN(L:L))/(MAX(L:L)-MIN(L:L))*5),1)*Sheet2!E$4+Sheet1!D158*Sheet2!E$5 -> 1.5385718 | X158: =CEILING(((Sheet1!S158-MIN(S:S))/(MAX(S:S)-MIN(S:S))*5),1)*Sheet2!E$6+CEILING(((Sheet1!T158-MIN(T:T))/(MAX(T:T)-MIN(T:T))*5),1)*Sheet2!E$7+CEILING(((Sheet1!V158-MIN(V:V))/(MAX(V:V)-MIN(V:V))*5),1)*Sheet2!E$8 -> 0.25202436 | Y158: =CEILING(((Sheet1!U158-MIN(U:U))/(MAX(U:U)-MIN(U:U))*5),1)*Sheet2!E$9 -> 0.16507402 | Z158: =CEILING(((Sheet1!H158-MIN(H:H))/(MAX(H:H)-MIN(H:H))*5),1)*Sheet2!E$10+I158*Sheet2!E$11+F158*Sheet2!E$12+CEILING(((Sheet1!N158-MIN(N:N))/(MAX(N:N)-MIN(N:N))*5),1)*Sheet2!E$13 -> 0.41848166 | AA158: =B158*Sheet2!E$14+C158*Sheet2!E$15+M158*Sheet2!E$16+R158*Sheet2!E$17 -> 0.16279478 | AB158: =SUM(W158:AA158) -> 2.5369466
A159: 22 19 01 000118 | B159: 4 | C159: 3 | D159: 3 | E159: 43472 | F159: 4 | G159: Jute Yarn | H159: 1 | I159: 4 | J159: 5 | K159: 138.13386 | L159: 4.55 | M159: 5 | N159: 1 | O159: 43477 | P159: V80 | Q159: Tollaroad, Fatullah, Narayanganj. | R159: 4 | S159: 0.82209363 | T159: 1.596 | U159: 5 | V159: 1.9413847 | W159: =Sheet1!J159*Sheet2!E$2+CEILING(((Sheet1!K159-MIN(K:K))/(MAX(K:K)-MIN(K:K))*5),1)*Sheet2!E$3+CEILING(((Sheet1!L159-MIN(L:L))/(MAX(L:L)-MIN(L:L))*5),1)*Sheet2!E$4+Sheet1!D159*Sheet2!E$5 -> 1.5385718 | X159: =CEILING(((Sheet1!S159-MIN(S:S))/(MAX(S:S)-MIN(S:S))*5),1)*Sheet2!E$6+CEILING(((Sheet1!T159-MIN(T:T))/(MAX(T:T)-MIN(T:T))*5),1)*Sheet2!E$7+CEILING(((Sheet1!V159-MIN(V:V))/(MAX(V:V)-MIN(V:V))*5),1)*Sheet2!E$8 -> 0.25202436 | Y159: =CEILING(((Sheet1!U159-MIN(U:U))/(MAX(U:U)-MIN(U:U))*5),1)*Sheet2!E$9 -> 0.16507402 | Z159: =CEILING(((Sheet1!H159-MIN(H:H))/(MAX(H:H)-MIN(H:H))*5),1)*Sheet2!E$10+I159*Sheet2!E$11+F159*Sheet2!E$12+CEILING(((Sheet1!N159-MIN(N:N))/(MAX(N:N)-MIN(N:N))*5),1)*Sheet2!E$13 -> 0.41848166 | AA159: =B159*Sheet2!E$14+C159*Sheet2!E$15+M159*Sheet2!E$16+R159*Sheet2!E$17 -> 0.16279478 | AB159: =SUM(W159:AA159) -> 2.5369466
A160: 22 19 01 000118 | B160: 4 | C160: 3 | D160: 3 | E160: 43472 | F160: 4 | G160: Jute Yarn | H160: 1 | I160: 4 | J160: 5 | K160: 138.13386 | L160: 4.55 | M160: 5 | N160: 1 | O160: 43477 | P160: V80 | Q160: Tollaroad, Fatullah, Narayanganj. | R160: 4 | S160: 2.1628892 | T160: 4.199 | U160: 5 | V160: 1.9413847 | W160: =Sheet1!J160*Sheet2!E$2+CEILING(((Sheet1!K160-MIN(K:K))/(MAX(K:K)-MIN(K:K))*5),1)*Sheet2!E$3+CEILING(((Sheet1!L160-MIN(L:L))/(MAX(L:L)-MIN(L:L))*5),1)*Sheet2!E$4+Sheet1!D160*Sheet2!E$5 -> 1.5385718 | X160: =CEILING(((Sheet1!S160-MIN(S:S))/(MAX(S:S)-MIN(S:S))*5),1)*Sheet2!E$6+CEILING(((Sheet1!T160-MIN(T:T))/(MAX(T:T)-MIN(T:T))*5),1)*Sheet2!E$7+CEILING(((Sheet1!V160-MIN(V:V))/(MAX(V:V)-MIN(V:V))*5),1)*Sheet2!E$8 -> 0.25202436 | Y160: =CEILING(((Sheet1!U160-MIN(U:U))/(MAX(U:U)-MIN(U:U))*5),1)*Sheet2!E$9 -> 0.16507402 | Z160: =CEILING(((Sheet1!H160-MIN(H:H))/(MAX(H:H)-MIN(H:H))*5),1)*Sheet2!E$10+I160*Sheet2!E$11+F160*Sheet2!E$12+CEILING(((Sheet1!N160-MIN(N:N))/(MAX(N:N)-MIN(N:N))*5),1)*Sheet2!E$13 -> 0.41848166 | AA160: =B160*Sheet2!E$14+C160*Sheet2!E$15+M160*Sheet2!E$16+R160*Sheet2!E$17 -> 0.16279478 | AB160: =SUM(W160:AA160) -> 2.5369466
A161: 22 19 01 000118 | B161: 4 | C161: 3 | D161: 3 | E161: 43472 | F161: 4 | G161: Jute Yarn | H161: 1 | I161: 4 | J161: 5 | K161: 138.13386 | L161: 4.55 | M161: 5 | N161: 1 | O161: 43477 | P161: V80 | Q161: Tollaroad, Fatullah, Narayanganj. | R161: 4 | S161: 0.58720974 | T161: 1.14 | U161: 5 | V161: 1.9413847 | W161: =Sheet1!J161*Sheet2!E$2+CEILING(((Sheet1!K161-MIN(K:K))/(MAX(K:K)-MIN(K:K))*5),1)*Sheet2!E$3+CEILING(((Sheet1!L161-MIN(L:L))/(MAX(L:L)-MIN(L:L))*5),1)*Sheet2!E$4+Sheet1!D161*Sheet2!E$5 -> 1.5385718 | X161: =CEILING(((Sheet1!S161-MIN(S:S))/(MAX(S:S)-MIN(S:S))*5),1)*Sheet2!E$6+CEILING(((Sheet1!T161-MIN(T:T))/(MAX(T:T)-MIN(T:T))*5),1)*Sheet2!E$7+CEILING(((Sheet1!V161-MIN(V:V))/(MAX(V:V)-MIN(V:V))*5),1)*Sheet2!E$8 -> 0.25202436 | Y161: =CEILING(((Sheet1!U161-MIN(U:U))/(MAX(U:U)-MIN(U:U))*5),1)*Sheet2!E$9 -> 0.16507402 | Z161: =CEILING(((Sheet1!H161-MIN(H:H))/(MAX(H:H)-MIN(H:H))*5),1)*Sheet2!E$10+I161*Sheet2!E$11+F161*Sheet2!E$12+CEILING(((Sheet1!N161-MIN(N:N))/(MAX(N:N)-MIN(N:N))*5),1)*Sheet2!E$13 -> 0.41848166 | AA161: =B161*Sheet2!E$14+C161*Sheet2!E$15+M161*Sheet2!E$16+R161*Sheet2!E$17 -> 0.16279478 | AB161: =SUM(W161:AA161) -> 2.5369466
A162: 22 19 01 000118 | B162: 4 | C162: 3 | D162: 3 | E162: 43472 | F162: 4 | G162: Jute Yarn | H162: 1 | I162: 4 | J162: 5 | K162: 138.13386 | L162: 4.55 | M162: 5 | N162: 1 | O162: 43477 | P162: V80 | Q162: Tollaroad, Fatullah, Narayanganj. | R162: 4 | S162: 2.7011648 | T162: 5.244 | U162: 5 | V162: 1.9413847 | W162: =Sheet1!J162*Sheet2!E$2+CEILING(((Sheet1!K162-MIN(K:K))/(MAX(K:K)-MIN(K:K))*5),1)*Sheet2!E$3+CEILING(((Sheet1!L162-MIN(L:L))/(MAX(L:L)-MIN(L:L))*5),1)*Sheet2!E$4+Sheet1!D162*Sheet2!E$5 -> 1.5385718 | X162: =CEILING(((Sheet1!S162-MIN(S:S))/(MAX(S:S)-MIN(S:S))*5),1)*Sheet2!E$6+CEILING(((Sheet1!T162-MIN(T:T))/(MAX(T:T)-MIN(T:T))*5),1)*Sheet2!E$7+CEILING(((Sheet1!V162-MIN(V:V))/(MAX(V:V)-MIN(V:V))*5),1)*Sheet2!E$8 -> 0.25202436 | Y162: =CEILING(((Sheet1!U162-MIN(U:U))/(MAX(U:U)-MIN(U:U))*5),1)*Sheet2!E$9 -> 0.16507402 | Z162: =CEILING(((Sheet1!H162-MIN(H:H))/(MAX(H:H)-MIN(H:H))*5),1)*Sheet2!E$10+I162*Sheet2!E$11+F162*Sheet2!E$12+CEILING(((Sheet1!N162-MIN(N:N))/(MAX(N:N)-MIN(N:N))*5),1)*Sheet2!E$13 -> 0.41848166 | AA162: =B162*Sheet2!E$14+C162*Sheet2!E$15+M162*Sheet2!E$16+R162*Sheet2!E$17 -> 0.16279478 | AB162: =SUM(W162:AA162) -> 2.5369466
A163: 22 19 01 000118 | B163: 4 | C163: 3 | D163: 3 | E163: 43472 | F163: 4 | G163: Jute Yarn | H163: 1 | I163: 4 | J163: 5 | K163: 138.13386 | L163: 4.55 | M163: 5 | N163: 1 | O163: 43477 | P163: V80 | Q163: Tollaroad, Fatullah, Narayanganj. | R163: 4 | S163: 0.61657023 | T163: 1.197 | U163: 5 | V163: 1.9413847 | W163: =Sheet1!J163*Sheet2!E$2+CEILING(((Sheet1!K163-MIN(K:K))/(MAX(K:K)-MIN(K:K))*5),1)*Sheet2!E$3+CEILING(((Sheet1!L163-MIN(L:L))/(MAX(L:L)-MIN(L:L))*5),1)*Sheet2!E$4+Sheet1!D163*Sheet2!E$5 -> 1.5385718 | X163: =CEILING(((Sheet1!S163-MIN(S:S))/(MAX(S:S)-MIN(S:S))*5),1)*Sheet2!E$6+CEILING(((Sheet1!T163-MIN(T:T))/(MAX(T:T)-MIN(T:T))*5),1)*Sheet2!E$7+CEILING(((Sheet1!V163-MIN(V:V))/(MAX(V:V)-MIN(V:V))*5),1)*Sheet2!E$8 -> 0.25202436 | Y163: =CEILING(((Sheet1!U163-MIN(U:U))/(MAX(U:U)-MIN(U:U))*5),1)*Sheet2!E$9 -> 0.16507402 | Z163: =CEILING(((Sheet1!H163-MIN(H:H))/(MAX(H:H)-MIN(H:H))*5),1)*Sheet2!E$10+I163*Sheet2!E$11+F163*Sheet2!E$12+CEILING(((Sheet1!N163-MIN(N:N))/(MAX(N:N)-MIN(N:N))*5),1)*Sheet2!E$13 -> 0.41848166 | AA163: =B163*Sheet2!E$14+C163*Sheet2!E$15+M163*Sheet2!E$16+R163*Sheet2!E$17 -> 0.16279478 | AB163: =SUM(W163:AA163) -> 2.5369466
A164: 22 19 01 000118 | B164: 4 | C164: 3 | D164: 3 | E164: 43472 | F164: 4 | G164: Jute Yarn | H164: 1 | I164: 4 | J164: 5 | K164: 138.13386 | L164: 4.55 | M164: 5 | N164: 1 | O164: 43477 | P164: V80 | Q164: Tollaroad, Fatullah, Narayanganj. | R164: 4 | S164: 2.8871145 | T164: 5.605 | U164: 5 | V164: 1.9413847 | W164: =Sheet1!J164*Sheet2!E$2+CEILING(((Sheet1!K164-MIN(K:K))/(MAX(K:K)-MIN(K:K))*5),1)*Sheet2!E$3+CEILING(((Sheet1!L164-MIN(L:L))/(MAX(L:L)-MIN(L:L))*5),1)*Sheet2!E$4+Sheet1!D164*Sheet2!E$5 -> 1.5385718 | X164: =CEILING(((Sheet1!S164-MIN(S:S))/(MAX(S:S)-MIN(S:S))*5),1)*Sheet2!E$6+CEILING(((Sheet1!T164-MIN(T:T))/(MAX(T:T)-MIN(T:T))*5),1)*Sheet2!E$7+CEILING(((Sheet1!V164-MIN(V:V))/(MAX(V:V)-MIN(V:V))*5),1)*Sheet2!E$8 -> 0.25202436 | Y164: =CEILING(((Sheet1!U164-MIN(U:U))/(MAX(U:U)-MIN(U:U))*5),1)*Sheet2!E$9 -> 0.16507402 | Z164: =CEILING(((Sheet1!H164-MIN(H:H))/(MAX(H:H)-MIN(H:H))*5),1)*Sheet2!E$10+I164*Sheet2!E$11+F164*Sheet2!E$12+CEILING(((Sheet1!N164-MIN(N:N))/(MAX(N:N)-MIN(N:N))*5),1)*Sheet2!E$13 -> 0.41848166 | AA164: =B164*Sheet2!E$14+C164*Sheet2!E$15+M164*Sheet2!E$16+R164*Sheet2!E$17 -> 0.16279478 | AB164: =SUM(W164:AA164) -> 2.5369466
... A207: 22 19 01 000125 | B207: 5 | C207: 4 | D207: 3 | E207: 43472 | F207: 4 | G207: Jute Yarn | H207: 1 | I207: 3 | J207: 3 | K207: 248.463 | L207: 4.9 | M207: 3 | N207: 1 | O207: 43475 | P207: V16 | Q207: Plot No. 61-71, Comilla EPZ, Comilla | R207: 5 | S207: 60.96344 | T207: 126.24 | U207: 3 | V207: 2.0707493 | W207: =Sheet1!J207*Sheet2!E$2+CEILING(((Sheet1!K207-MIN(K:K))/(MAX(K:K)-MIN(K:K))*5),1)*Sheet2!E$3+CEILING(((Sheet1!L207-MIN(L:L))/(MAX(L:L)-MIN(L:L))*5),1)*Sheet2!E$4+Sheet1!D207*Sheet2!E$5 -> 1.2290494 | X207: =CEILING(((Sheet1!S207-MIN(S:S))/(MAX(S:S)-MIN(S:S))*5),1)*Sheet2!E$6+CEILING(((Sheet1!T207-MIN(T:T))/(MAX(T:T)-MIN(T:T))*5),1)*Sheet2!E$7+CEILING(((Sheet1!V207-MIN(V:V))/(MAX(V:V)-MIN(V:V))*5),1)*Sheet2!E$8 -> 0.25202436 | Y207: =CEILING(((Sheet1!U207-MIN(U:U))/(MAX(U:U)-MIN(U:U))*5),1)*Sheet2!E$9 -> 0.16507402 | Z207: =CEILING(((Sheet1!H207-MIN(H:H))/(MAX(H:H)-MIN(H:H))*5),1)*Sheet2!E$10+I207*Sheet2!E$11+F207*Sheet2!E$12+CEILING(((Sheet1!N207-MIN(N:N))/(MAX(N:N)-MIN(N:N))*5),1)*Sheet2!E$13 -> 0.4068525 | AA207: =B207*Sheet2!E$14+C207*Sheet2!E$15+M207*Sheet2!E$16+R207*Sheet2!E$17 -> 0.18585105 | AB207: =SUM(W207:AA207) -> 2.2388513
A208: 22 19 01 000127 | B208: 4 | C208: 3 | D208: 3 | E208: 43472 | F208: 1 | G208: Jute Yarn | H208: 1 | I208: 4 | J208: 3 | K208: 269.672 | L208: 4.9 | M208: 5 | N208: 0 | O208: 43477 | P208: V80 | Q208: Tollaroad, Fatullah, Narayanganj. | R208: 2 | S208: 1000 | T208: =S208*V208 -> 1763.68 | U208: 5 | V208: 1.76368 | W208: =Sheet1!J208*Sheet2!E$2+CEILING(((Sheet1!K208-MIN(K:K))/(MAX(K:K)-MIN(K:K))*5),1)*Sheet2!E$3+CEILING(((Sheet1!L208-MIN(L:L))/(MAX(L:L)-MIN(L:L))*5),1)*Sheet2!E$4+Sheet1!D208*Sheet2!E$5 -> 1.2975584 | X208: =CEILING(((Sheet1!S208-MIN(S:S))/(MAX(S:S)-MIN(S:S))*5),1)*Sheet2!E$6+CEILING(((Sheet1!T208-MIN(T:T))/(MAX(T:T)-MIN(T:T))*5),1)*Sheet2!E$7+CEILING(((Sheet1!V208-MIN(V:V))/(MAX(V:V)-MIN(V:V))*5),1)*Sheet2!E$8 -> 0.50723548 | Y208: =CEILING(((Sheet1!U208-MIN(U:U))/(MAX(U:U)-MIN(U:U))*5),1)*Sheet2!E$9 -> 0.16507402 | Z208: =CEILING(((Sheet1!H208-MIN(H:H))/(MAX(H:H)-MIN(H:H))*5),1)*Sheet2!E$10+I208*Sheet2!E$11+F208*Sheet2!E$12+CEILING(((Sheet1!N208-MIN(N:N))/(MAX(N:N)-MIN(N:N))*5),1)*Sheet2!E$13 -> 0.18155168 | AA208: =B208*Sheet2!E$14+C208*Sheet2!E$15+M208*Sheet2!E$16+R208*Sheet2!E$17 -> 0.15717747 | AB208: =SUM(W208:AA208) -> 2.308597
A209: 22 19 01 000128 | B209: 5 | C209: 5 | D209: 3 | E209: 43472 | F209: 4 | G209: Jute Yarn | H209: 1 | I209: 5 | J209: 5 | K209: 218.7704 | L209: 4.9 | M209: 5 | N209: 1 | O209: 43475 | P209: V85 | Q209: 93 Islampur, Nandun, Kodda, Gazipur District- 1704, Bangladesh | R209: 4 | S209: 90.293628 | T209: 199.95 | U209: 3 | V209: 2.214442 | W209: =Sheet1!J209*Sheet2!E$2+CEILING(((Sheet1!K209-MIN(K:K))/(MAX(K:K)-MIN(K:K))*5),1)*Sheet2!E$3+CEILING(((Sheet1!L209-MIN(L:L))/(MAX(L:L)-MIN(L:L))*5),1)*Sheet2!E$4+Sheet1!D209*Sheet2!E$5 -> 1.6755897 | X209: =CEILING(((Sheet1!S209-MIN(S:S))/(MAX(S:S)-MIN(S:S))*5),1)*Sheet2!E$6+CEILING(((Sheet1!T209-MIN(T:T))/(MAX(T:T)-MIN(T:T))*5),1)*Sheet2!E$7+CEILING(((Sheet1!V209-MIN(V:V))/(MAX(V:V)-MIN(V:V))*5),1)*Sheet2!E$8 -> 0.25202436 | Y209: =CEILING(((Sheet1!U209-MIN(U:U))/(MAX(U:U)-MIN(U:U))*5),1)*Sheet2!E$9 -> 0.16507402 | Z209: =CEILING(((Sheet1!H209-MIN(H:H))/(MAX(H:H)-MIN(H:H))*5),1)*Sheet2!E$10+I209*Sheet2!E$11+F209*Sheet2!E$12+CEILING(((Sheet1!N209-MIN(N:N))/(MAX(N:N)-MIN(N:N))*5),1)*Sheet2!E$13 -> 0.43011082 | AA209: =B209*Sheet2!E$14+C209*Sheet2!E$15+M209*Sheet2!E$16+R209*Sheet2!E$17 -> 0.20800958 | AB209: =SUM(W209:AA209) -> 2.7308085
A210: 22 19 01 000128 | B210: 5 | C210: 5 | D210: 3 | E210: 43472 | F210: 4 | G210: Jute Yarn | H210: 1 | I210: 5 | J210: 5 | K210: 223.0122 | L210: 4.9 | M210: 5 | N210: 1 | O210: 43475 | P210: V85 | Q210: 93 Islampur, Nandun, Kodda, Gazipur District- 1704, Bangladesh | R210: 4 | S210: 166.20037 | T210: 364.105 | U210: 3 | V210: 2.1907593 | W210: =Sheet1!J210*Sheet2!E$2+CEILING(((Sheet1!K210-MIN(K:K))/(MAX(K:K)-MIN(K:K))*5),1)*Sheet2!E$3+CEILING(((Sheet1!L210-MIN(L:L))/(MAX(L:L)-MIN(L:L))*5),1)*Sheet2!E$4+Sheet1!D210*Sheet2!E$5 -> 1.6755897 | X210: =CEILING(((Sheet1!S210-MIN(S:S))/(MAX(S:S)-MIN(S:S))*5),1)*Sheet2!E$6+CEILING(((Sheet1!T210-MIN(T:T))/(MAX(T:T)-MIN(T:T))*5),1)*Sheet2!E$7+CEILING(((Sheet1!V210-MIN(V:V))/(MAX(V:V)-MIN(V:V))*5),1)*Sheet2!E$8 -> 0.25202436 | Y210: =CEILING(((Sheet1!U210-MIN(U:U))/(MAX(U:U)-MIN(U:U))*5),1)*Sheet2!E$9 -> 0.16507402 | Z210: =CEILING(((Sheet1!H210-MIN(H:H))/(MAX(H:H)-MIN(H:H))*5),1)*Sheet2!E$10+I210*Sheet2!E$11+F210*Sheet2!E$12+CEILING(((Sheet1!N210-MIN(N:N))/(MAX(N:N)-MIN(N:N))*5),1)*Sheet2!E$13 -> 0.43011082 | AA210: =B210*Sheet2!E$14+C210*Sheet2!E$15+M210*Sheet2!E$16+R210*Sheet2!E$17 -> 0.20800958 | AB210: =SUM(W210:AA210) -> 2.7308085
A211: 22 19 01 000128 | B211: 5 | C211: 5 | D211: 3 | E211: 43472 | F211: 4 | G211: Jute Yarn | H211: 1 | I211: 5 | J211: 5 | K211: 278.1556 | L211: 4.9 | M211: 5 | N211: 1 | O211: 43475 | P211: V85 | Q211: 93 Islampur, Nandun, Kodda, Gazipur District- 1704, Bangladesh | R211: 4 | S211: 68.279053 | T211: 144.76 | U211: 3 | V211: 2.1201231 | W211: =Sheet1!J211*Sheet2!E$2+CEILING(((Sheet1!K211-MIN(K:K))/(MAX(K:K)-MIN(K:K))*5),1)*Sheet2!E$3+CEILING(((Sheet1!L211-MIN(L:L))/(MAX(L:L)-MIN(L:L))*5),1)*Sheet2!E$4+Sheet1!D211*Sheet2!E$5 -> 1.7440987 | X211: =CEILING(((Sheet1!S211-MIN(S:S))/(MAX(S:S)-MIN(S:S))*5),1)*Sheet2!E$6+CEILING(((Sheet1!T211-MIN(T:T))/(MAX(T:T)-MIN(T:T))*5),1)*Sheet2!E$7+CEILING(((Sheet1!V211-MIN(V:V))/(MAX(V:V)-MIN(V:V))*5),1)*Sheet2!E$8 -> 0.25202436 | Y211: =CEILING(((Sheet1!U211-MIN(U:U))/(MAX(U:U)-MIN(U:U))*5),1)*Sheet2!E$9 -> 0.16507402 | Z211: =CEILING(((Sheet1!H211-MIN(H:H))/(MAX(H:H)-MIN(H:H))*5),1)*Sheet2!E$10+I211*Sheet2!E$11+F211*Sheet2!E$12+CEILING(((Sheet1!N211-MIN(N:N))/(MAX(N:N)-MIN(N:N))*5),1)*Sheet2!E$13 -> 0.43011082 | AA211: =B211*Sheet2!E$14+C211*Sheet2!E$15+M211*Sheet2!E$16+R211*Sheet2!E$17 -> 0.20800958 | AB211: =SUM(W211:AA211) -> 2.7993175
A212: 22 19 01 000128 | B212: 5 | C212: 5 | D212: 3 | E212: 43472 | F212: 4 | G212: Jute Yarn | H212: 1 | I212: 5 | J212: 5 | K212: 147.99606 | L212: 4.9 | M212: 5 | N212: 1 | O212: 43475 | P212: V85 | Q212: 93 Islampur, Nandun, Kodda, Gazipur District- 1704, Bangladesh | R212: 4 | S212: 21.038982 | T212: 45.811 | U212: 3 | V212: 2.1774342 | W212: =Sheet1!J212*Sheet2!E$2+CEILING(((Sheet1!K212-MIN(K:K))/(MAX(K:K)-MIN(K:K))*5),1)*Sheet2!E$3+CEILING(((Sheet1!L212-MIN(L:L))/(MAX(L:L)-MIN(L:L))*5),1)*Sheet2!E$4+Sheet1!D212*Sheet2!E$5 -> 1.5385718 | X212: =CEILING(((Sheet1!S212-MIN(S:S))/(MAX(S:S)-MIN(S:S))*5),1)*Sheet2!E$6+CEILING(((Sheet1!T212-MIN(T:T))/(MAX(T:T)-MIN(T:T))*5),1)*Sheet2!E$7+CEILING(((Sheet1!V212-MIN(V:V))/(MAX(V:V)-MIN(V:V))*5),1)*Sheet2!E$8 -> 0.25202436 | Y212: =CEILING(((Sheet1!U212-MIN(U:U))/(MAX(U:U)-MIN(U:U))*5),1)*Sheet2!E$9 -> 0.16507402 | Z212: =CEILING(((Sheet1!H212-MIN(H:H))/(MAX(H:H)-MIN(H:H))*5),1)*Sheet2!E$10+I212*Sheet2!E$11+F212*Sheet2!E$12+CEILING(((Sheet1!N212-MIN(N:N))/(MAX(N:N)-MIN(N:N))*5),1)*Sheet2!E$13 -> 0.43011082 | AA212: =B212*Sheet2!E$14+C212*Sheet2!E$15+M212*Sheet2!E$16+R212*Sheet2!E$17 -> 0.20800958 | AB212: =SUM(W212:AA212) -> 2.5937906
A213: 22 19 01 000128 | B213: 5 | C213: 5 | D213: 3 | E213: 43472 | F213: 4 | G213: Jute Yarn | H213: 1 | I213: 5 | J213: 5 | K213: 169.69291 | L213: 4.9 | M213: 5 | N213: 1 | O213: 43475 | P213: V85 | Q213: 93 Islampur, Nandun, Kodda, Gazipur District- 1704, Bangladesh | R213: 4 | S213: 681.92014 | T213: 1436.8485 | U213: 3 | V213: 2.1070627 | W213: =Sheet1!J213*Sheet2!E$2+CEILING(((Sheet1!K213-MIN(K:K))/(MAX(K:K)-MIN(K:K))*5),1)*Sheet2!E$3+CEILING(((Sheet1!L213-MIN(L:L))/(MAX(L:L)-MIN(L:L))*5),1)*Sheet2!E$4+Sheet1!D213*Sheet2!E$5 -> 1.6070808 | X213: =CEILING(((Sheet1!S213-MIN(S:S))/(MAX(S:S)-MIN(S:S))*5),1)*Sheet2!E$6+CEILING(((Sheet1!T213-MIN(T:T))/(MAX(T:T)-MIN(T:T))*5),1)*Sheet2!E$7+CEILING(((Sheet1!V213-MIN(V:V))/(MAX(V:V)-MIN(V:V))*5),1)*Sheet2!E$8 -> 0.45606633 | Y213: =CEILING(((Sheet1!U213-MIN(U:U))/(MAX(U:U)-MIN(U:U))*5),1)*Sheet2!E$9 -> 0.16507402 | Z213: =CEILING(((Sheet1!H213-MIN(H:H))/(MAX(H:H)-MIN(H:H))*5),1)*Sheet2!E$10+I213*Sheet2!E$11+F213*Sheet2!E$12+CEILING(((Sheet1!N213-MIN(N:N))/(MAX(N:N)-MIN(N:N))*5),1)*Sheet2!E$13 -> 0.43011082 | AA213: =B213*Sheet2!E$14+C213*Sheet2!E$15+M213*Sheet2!E$16+R213*Sheet2!E$17 -> 0.20800958 | AB213: =SUM(W213:AA213) -> 2.8663415
A214: 22 19 01 000130 | B214: 4 | C214: 3 | D214: 3 | E214: 43473 | F214: 3 | G214: Jute Yarn | H214: 1 | I214: 5 | J214: 3 | K214: 121.69685 | L214: 4.9 | M214: 5 | N214: 1 | O214: 43475 | P214: V82 | Q214: Enayet Nagar, Bholail, Fatullah, Narayanganj | R214: 4 | S214: 18.620623 | T214: 38.988 | U214: 2 | V214: 2.0938075 | W214: =Sheet1!J214*Sheet2!E$2+CEILING(((Sheet1!K214-MIN(K:K))/(MAX(K:K)-MIN(K:K))*5),1)*Sheet2!E$3+CEILING(((Sheet1!L214-MIN(L:L))/(MAX(L:L)-MIN(L:L))*5),1)*Sheet2!E$4+Sheet1!D214*Sheet2!E$5 -> 1.0920314 | X214: =CEILING(((Sheet1!S214-MIN(S:S))/(MAX(S:S)-MIN(S:S))*5),1)*Sheet2!E$6+CEILING(((Sheet1!T214-MIN(T:T))/(MAX(T:T)-MIN(T:T))*5),1)*Sheet2!E$7+CEILING(((Sheet1!V214-MIN(V:V))/(MAX(V:V)-MIN(V:V))*5),1)*Sheet2!E$8 -> 0.25202436 | Y214: =CEILING(((Sheet1!U214-MIN(U:U))/(MAX(U:U)-MIN(U:U))*5),1)*Sheet2!E$9 -> 0.16507402 | Z214: =CEILING(((Sheet1!H214-MIN(H:H))/(MAX(H:H)-MIN(H:H))*5),1)*Sheet2!E$10+I214*Sheet2!E$11+F214*Sheet2!E$12+CEILING(((Sheet1!N214-MIN(N:N))/(MAX(N:N)-MIN(N:N))*5),1)*Sheet2!E$13 -> 0.42417981 | AA214: =B214*Sheet2!E$14+C214*Sheet2!E$15+M214*Sheet2!E$16+R214*Sheet2!E$17 -> 0.16279478 | AB214: =SUM(W214:AA214) -> 2.0961044
A215: 22 19 01 000130 | B215: 4 | C215: 3 | D215: 3 | E215: 43473 | F215: 3 | G215: Jute Yarn | H215: 1 | I215: 5 | J215: 3 | K215: 124.98425 | L215: 4.9 | M215: 5 | N215: 1 | O215: 43475 | P215: V82 | Q215: Enayet Nagar, Bholail, Fatullah, Narayanganj | R215: 4 | S215: 50.898935 | T215: 106.5015 | U215: 2 | V215: 2.0924112 | W215: =Sheet1!J215*Sheet2!E$2+CEILING(((Sheet1!K215-MIN(K:K))/(MAX(K:K)-MIN(K:K))*5),1)*Sheet2!E$3+CEILING(((Sheet1!L215-MIN(L:L))/(MAX(L:L)-MIN(L:L))*5),1)*Sheet2!E$4+Sheet1!D215*Sheet2!E$5 -> 1.0920314 | X215: =CEILING(((Sheet1!S215-MIN(S:S))/(MAX(S:S)-MIN(S:S))*5),1)*Sheet2!E$6+CEILING(((Sheet1!T215-MIN(T:T))/(MAX(T:T)-MIN(T:T))*5),1)*Sheet2!E$7+CEILING(((Sheet1!V215-MIN(V:V))/(MAX(V:V)-MIN(V:V))*5),1)*Sheet2!E$8 -> 0.25202436 | Y215: =CEILING(((Sheet1!U215-MIN(U:U))/(MAX(U:U)-MIN(U:U))*5),1)*Sheet2!E$9 -> 0.16507402 | Z215: =CEILING(((Sheet1!H215-MIN(H:H))/(MAX(H:H)-MIN(H:H))*5),1)*Sheet2!E$10+I215*Sheet2!E$11+F215*Sheet2!E$12+CEILING(((Sheet1!N215-MIN(N:N))/(MAX(N:N)-MIN(N:N))*5),1)*Sheet2!E$13 -> 0.42417981 | AA215: =B215*Sheet2!E$14+C215*Sheet2!E$15+M215*Sheet2!E$16+R215*Sheet2!E$17 -> 0.16279478 | AB215: =SUM(W215:AA215) -> 2.0961044
A216: 22 19 01 000131 | B216: 4 | C216: 3 | D216: 3 | E216: 43473 | F216: 3 | G216: Jute Yarn | H216: 1 | I216: 5 | J216: 3 | K216: 121.69685 | L216: 4.9 | M216: 5 | N216: 1 | O216: 43480 | P216: V82 | Q216: Enayet Nagar, Bholail, Fatullah, Narayanganj | R216: 4 | S216: 13.883798 | T216: 29.07 | U216: 7 | V216: 2.0938075 | W216: =Sheet1!J216*Sheet2!E$2+CEILING(((Sheet1!K216-MIN(K:K))/(MAX(K:K)-MIN(K:K))*5),1)*Sheet2!E$3+CEILING(((Sheet1!L216-MIN(L:L))/(MAX(L:L)-MIN(L:L))*5),1)*Sheet2!E$4+Sheet1!D216*Sheet2!E$5 -> 1.0920314 | X216: =CEILING(((Sheet1!S216-MIN(S:S))/(MAX(S:S)-MIN(S:S))*5),1)*Sheet2!E$6+CEILING(((Sheet1!T216-MIN(T:T))/(MAX(T:T)-MIN(T:T))*5),1)*Sheet2!E$7+CEILING(((Sheet1!V216-MIN(V:V))/(MAX(V:V)-MIN(V:V))*5),1)*Sheet2!E$8 -> 0.25202436 | Y216: =CEILING(((Sheet1!U216-MIN(U:U))/(MAX(U:U)-MIN(U:U))*5),1)*Sheet2!E$9 -> 0.33014805 | Z216: =CEILING(((Sheet1!H216-MIN(H:H))/(MAX(H:H)-MIN(H:H))*5),1)*Sheet2!E$10+I216*Sheet2!E$11+F216*Sheet2!E$12+CEILING(((Sheet1!N216-MIN(N:N))/(MAX(N:N)-MIN(N:N))*5),1)*Sheet2!E$13 -> 0.42417981 | AA216: =B216*Sheet2!E$14+C216*Sheet2!E$15+M216*Sheet2!E$16+R216*Sheet2!E$17 -> 0.16279478 | AB216: =SUM(W216:AA216) -> 2.2611785
A217: 22 19 01 000131 | B217: 4 | C217: 3 | D217: 3 | E217: 43473 | F217: 3 | G217: Jute Yarn | H217: 1 | I217: 5 | J217: 3 | K217: 124.98425 | L217: 4.9 | M217: 5 | N217: 1 | O217: 43480 | P217: V82 | Q217: Enayet Nagar, Bholail, Fatullah, Narayanganj | R217: 4 | S217: 44.243216 | T217: 92.575 | U217: 7 | V217: 2.0924112 | W217: =Sheet1!J217*Sheet2!E$2+CEILING(((Sheet1!K217-MIN(K:K))/(MAX(K:K)-MIN(K:K))*5),1)*Sheet2!E$3+CEILING(((Sheet1!L217-MIN(L:L))/(MAX(L:L)-MIN(L:L))*5),1)*Sheet2!E$4+Sheet1!D217*Sheet2!E$5 -> 1.0920314 | X217: =CEILING(((Sheet1!S217-MIN(S:S))/(MAX(S:S)-MIN(S:S))*5),1)*Sheet2!E$6+CEILING(((Sheet1!T217-MIN(T:T))/(MAX(T:T)-MIN(T:T))*5),1)*Sheet2!E$7+CEILING(((Sheet1!V217-MIN(V:V))/(MAX(V:V)-MIN(V:V))*5),1)*Sheet2!E$8 -> 0.25202436 | Y217: =CEILING(((Sheet1!U217-MIN(U:U))/(MAX(U:U)-MIN(U:U))*5),1)*Sheet2!E$9 -> 0.33014805 | Z217: =CEILING(((Sheet1!H217-MIN(H:H))/(MAX(H:H)-MIN(H:H))*5),1)*Sheet2!E$10+I217*Sheet2!E$11+F217*Sheet2!E$12+CEILING(((Sheet1!N217-MIN(N:N))/(MAX(N:N)-MIN(N:N))*5),1)*Sheet2!E$13 -> 0.42417981 | AA217: =B217*Sheet2!E$14+C217*Sheet2!E$15+M217*Sheet2!E$16+R217*Sheet2!E$17 -> 0.16279478 | AB217: =SUM(W217:AA217) -> 2.2611785
A218: 22 19 01 000133 | B218: 5 | C218: 4 | D218: 3 | E218: 43472 | F218: 4 | G218: Jute Yarn | H218: 1 | I218: 4 | J218: 5 | K218: 155.88583 | L218: 5.25 | M218: 5 | N218: 1 | O218: 43473 | P218: V75 | Q218: 113/1, Mudafa, Poschimpara, Charagli, Tongi, Gazipur. | R218: 4 | S218: 28.326964 | T218: 60.0005 | U218: 1 | V218: 2.1181409 | W218: =Sheet1!J218*Sheet2!E$2+CEILING(((Sheet1!K218-MIN(K:K))/(MAX(K:K)-MIN(K:K))*5),1)*Sheet2!E$3+CEILING(((Sheet1!L218-MIN(L:L))/(MAX(L:L)-MIN(L:L))*5),1)*Sheet2!E$4+Sheet1!D218*Sheet2!E$5 -> 1.6701112 | X218: =CEILING(((Sheet1!S218-MIN(S:S))/(MAX(S:S)-MIN(S:S))*5),1)*Sheet2!E$6+CEILING(((Sheet1!T218-MIN(T:T))/(MAX(T:T)-MIN(T:T))*5),1)*Sheet2!E$7+CEILING(((Sheet1!V218-MIN(V:V))/(MAX(V:V)-MIN(V:V))*5),1)*Sheet2!E$8 -> 0.25202436 | Y218: =CEILING(((Sheet1!U218-MIN(U:U))/(MAX(U:U)-MIN(U:U))*5),1)*Sheet2!E$9 -> 0.16507402 | Z218: =CEILING(((Sheet1!H218-MIN(H:H))/(MAX(H:H)-MIN(H:H))*5),1)*Sheet2!E$10+I218*Sheet2!E$11+F218*Sheet2!E$12+CEILING(((Sheet1!N218-MIN(N:N))/(MAX(N:N)-MIN(N:N))*5),1)*Sheet2!E$13 -> 0.41848166 | AA218: =B218*Sheet2!E$14+C218*Sheet2!E$15+M218*Sheet2!E$16+R218*Sheet2!E$17 -> 0.19578065 | AB218: =SUM(W218:AA218) -> 2.7014719
A219: 22 19 01 000134 | B219: 3 | C219: 1 | D219: 3 | E219: 43473 | F219: 4 | G219: Jute Yarn | H219: 1 | I219: 3 | J219: 5 | K219: 152.59843 | L219: 4.725 | M219: 3 | N219: 1 | O219: 43475 | P219: V14 | Q219: Golaroa, Saturia, Manikgonj,Bangladesh | R219: 5 | S219: 50.197058 | T219: 101.9036 | U219: 2 | V219: 2.0300712 | W219: =Sheet1!J219*Sheet2!E$2+CEILING(((Sheet1!K219-MIN(K:K))/(MAX(K:K)-MIN(K:K))*5),1)*Sheet2!E$3+CEILING(((Sheet1!L219-MIN(L:L))/(MAX(L:L)-MIN(L:L))*5),1)*Sheet2!E$4+Sheet1!D219*Sheet2!E$5 -> 1.5385718 | X219: =CEILING(((Sheet1!S219-MIN(S:S))/(MAX(S:S)-MIN(S:S))*5),1)*Sheet2!E$6+CEILING(((Sheet1!T219-MIN(T:T))/(MAX(T:T)-MIN(T:T))*5),1)*Sheet2!E$7+CEILING(((Sheet1!V219-MIN(V:V))/(MAX(V:V)-MIN(V:V))*5),1)*Sheet2!E$8 -> 0.25202436 | Y219: =CEILING(((Sheet1!U219-MIN(U:U))/(MAX(U:U)-MIN(U:U))*5),1)*Sheet2!E$9 -> 0.16507402 | Z219: =CEILING(((Sheet1!H219-MIN(H:H))/(MAX(H:H)-MIN(H:H))*5),1)*Sheet2!E$10+I219*Sheet2!E$11+F219*Sheet2!E$12+CEILING(((Sheet1!N219-MIN(N:N))/(MAX(N:N)-MIN(N:N))*5),1)*Sheet2!E$13 -> 0.4068525 | AA219: =B219*Sheet2!E$14+C219*Sheet2!E$15+M219*Sheet2!E$16+R219*Sheet2!E$17 -> 0.10765039 | AB219: =SUM(W219:AA219) -> 2.4701731
A220: 22 19 01 000134 | B220: 3 | C220: 1 | D220: 3 | E220: 43473 | F220: 4 | G220: Jute Yarn | H220: 1 | I220: 3 | J220: 5 | K220: 152.59843 | L220: 4.725 | M220: 3 | N220: 1 | O220: 43475 | P220: V14 | Q220: Golaroa, Saturia, Manikgonj,Bangladesh | R220: 5 | S220: 50.197058 | T220: 101.9036 | U220: 2 | V220: 2.0300712 | W220: =Sheet1!J220*Sheet2!E$2+CEILING(((Sheet1!K220-MIN(K:K))/(MAX(K:K)-MIN(K:K))*5),1)*Sheet2!E$3+CEILING(((Sheet1!L220-MIN(L:L))/(MAX(L:L)-MIN(L:L))*5),1)*Sheet2!E$4+Sheet1!D220*Sheet2!E$5 -> 1.5385718 | X220: =CEILING(((Sheet1!S220-MIN(S:S))/(MAX(S:S)-MIN(S:S))*5),1)*Sheet2!E$6+CEILING(((Sheet1!T220-MIN(T:T))/(MAX(T:T)-MIN(T:T))*5),1)*Sheet2!E$7+CEILING(((Sheet1!V220-MIN(V:V))/(MAX(V:V)-MIN(V:V))*5),1)*Sheet2!E$8 -> 0.25202436 | Y220: =CEILING(((Sheet1!U220-MIN(U:U))/(MAX(U:U)-MIN(U:U))*5),1)*Sheet2!E$9 -> 0.16507402 | Z220: =CEILING(((Sheet1!H220-MIN(H:H))/(MAX(H:H)-MIN(H:H))*5),1)*Sheet2!E$10+I220*Sheet2!E$11+F220*Sheet2!E$12+CEILING(((Sheet1!N220-MIN(N:N))/(MAX(N:N)-MIN(N:N))*5),1)*Sheet2!E$13 -> 0.4068525 | AA220: =B220*Sheet2!E$14+C220*Sheet2!E$15+M220*Sheet2!E$16+R220*Sheet2!E$17 -> 0.10765039 | AB220: =SUM(W220:AA220) -> 2.4701731
... A517: 22 19 01 000322 | B517: 5 | C517: 4 | D517: 3 | E517: 43482 | F517: 4 | G517: Jute Yarn | H517: 1 | I517: 4 | J517: 5 | K517: 146.02362 | L517: 5.25 | M517: 3 | N517: 0 | O517: 43484 | P517: V28 | Q517: Plot-I/5, I/7, I/9, I/11 & I/13, Road-6, Section-7, Mirpur I/A, Dhaka-1216, Bangladesh. | R517: 5 | S517: 13.369521 | T517: 32.9992 | U517: 2 | V517: 2.468241 | W517: =Sheet1!J517*Sheet2!E$2+CEILING(((Sheet1!K517-MIN(K:K))/(MAX(K:K)-MIN(K:K))*5),1)*Sheet2!E$3+CEILING(((Sheet1!L517-MIN(L:L))/(MAX(L:L)-MIN(L:L))*5),1)*Sheet2!E$4+Sheet1!D517*Sheet2!E$5 -> 1.6701112 | X517: =CEILING(((Sheet1!S517-MIN(S:S))/(MAX(S:S)-MIN(S:S))*5),1)*Sheet2!E$6+CEILING(((Sheet1!T517-MIN(T:T))/(MAX(T:T)-MIN(T:T))*5),1)*Sheet2!E$7+CEILING(((Sheet1!V517-MIN(V:V))/(MAX(V:V)-MIN(V:V))*5),1)*Sheet2!E$8 -> 0.25202436 | Y517: =CEILING(((Sheet1!U517-MIN(U:U))/(MAX(U:U)-MIN(U:U))*5),1)*Sheet2!E$9 -> 0.16507402 | Z517: =CEILING(((Sheet1!H517-MIN(H:H))/(MAX(H:H)-MIN(H:H))*5),1)*Sheet2!E$10+I517*Sheet2!E$11+F517*Sheet2!E$12+CEILING(((Sheet1!N517-MIN(N:N))/(MAX(N:N)-MIN(N:N))*5),1)*Sheet2!E$13 -> 0.19934471 | AA517: =B517*Sheet2!E$14+C517*Sheet2!E$15+M517*Sheet2!E$16+R517*Sheet2!E$17 -> 0.18585105 | AB517: =SUM(W517:AA517) -> 2.4724053
A518: 22 19 01 000325 | B518: 5 | C518: 4 | D518: 3 | E518: 43482 | F518: 4 | G518: Jute Yarn | H518: 1 | I518: 4 | J518: 3 | K518: 337.5408 | L518: 5.95 | M518: 4 | N518: 0 | O518: 43486 | P518: V36 | Q518: Jangalia Para, Bangla Bazar, Joydebpur, Bangladesh. | R518: 2 | S518: 1000 | T518: =S518*V518 -> 2425.06 | U518: 4 | V518: 2.42506 | W518: =Sheet1!J518*Sheet2!E$2+CEILING(((Sheet1!K518-MIN(K:K))/(MAX(K:K)-MIN(K:K))*5),1)*Sheet2!E$3+CEILING(((Sheet1!L518-MIN(L:L))/(MAX(L:L)-MIN(L:L))*5),1)*Sheet2!E$4+Sheet1!D518*Sheet2!E$5 -> 1.6291462 | X518: =CEILING(((Sheet1!S518-MIN(S:S))/(MAX(S:S)-MIN(S:S))*5),1)*Sheet2!E$6+CEILING(((Sheet1!T518-MIN(T:T))/(MAX(T:T)-MIN(T:T))*5),1)*Sheet2!E$7+CEILING(((Sheet1!V518-MIN(V:V))/(MAX(V:V)-MIN(V:V))*5),1)*Sheet2!E$8 -> 0.53250274 | Y518: =CEILING(((Sheet1!U518-MIN(U:U))/(MAX(U:U)-MIN(U:U))*5),1)*Sheet2!E$9 -> 0.16507402 | Z518: =CEILING(((Sheet1!H518-MIN(H:H))/(MAX(H:H)-MIN(H:H))*5),1)*Sheet2!E$10+I518*Sheet2!E$11+F518*Sheet2!E$12+CEILING(((Sheet1!N518-MIN(N:N))/(MAX(N:N)-MIN(N:N))*5),1)*Sheet2!E$13 -> 0.19934471 | AA518: =B518*Sheet2!E$14+C518*Sheet2!E$15+M518*Sheet2!E$16+R518*Sheet2!E$17 -> 0.18379421 | AB518: =SUM(W518:AA518) -> 2.7098619
A519: 22 19 01 000325 | B519: 5 | C519: 4 | D519: 3 | E519: 43482 | F519: 4 | G519: Jute Yarn | H519: 1 | I519: 4 | J519: 3 | K519: 113.14961 | L519: 4.55 | M519: 4 | N519: 0 | O519: 43486 | P519: V36 | Q519: Jangalia Para, Bangla Bazar, Joydebpur, Bangladesh. | R519: 2 | S519: 4.5359702 | T519: 11 | U519: 4 | V519: 2.42506 | W519: =Sheet1!J519*Sheet2!E$2+CEILING(((Sheet1!K519-MIN(K:K))/(MAX(K:K)-MIN(K:K))*5),1)*Sheet2!E$3+CEILING(((Sheet1!L519-MIN(L:L))/(MAX(L:L)-MIN(L:L))*5),1)*Sheet2!E$4+Sheet1!D519*Sheet2!E$5 -> 1.0920314 | X519: =CEILING(((Sheet1!S519-MIN(S:S))/(MAX(S:S)-MIN(S:S))*5),1)*Sheet2!E$6+CEILING(((Sheet1!T519-MIN(T:T))/(MAX(T:T)-MIN(T:T))*5),1)*Sheet2!E$7+CEILING(((Sheet1!V519-MIN(V:V))/(MAX(V:V)-MIN(V:V))*5),1)*Sheet2!E$8 -> 0.25202436 | Y519: =CEILING(((Sheet1!U519-MIN(U:U))/(MAX(U:U)-MIN(U:U))*5),1)*Sheet2!E$9 -> 0.16507402 | Z519: =CEILING(((Sheet1!H519-MIN(H:H))/(MAX(H:H)-MIN(H:H))*5),1)*Sheet2!E$10+I519*Sheet2!E$11+F519*Sheet2!E$12+CEILING(((Sheet1!N519-MIN(N:N))/(MAX(N:N)-MIN(N:N))*5),1)*Sheet2!E$13 -> 0.19934471 | AA519: =B519*Sheet2!E$14+C519*Sheet2!E$15+M519*Sheet2!E$16+R519*Sheet2!E$17 -> 0.18379421 | AB519: =SUM(W519:AA519) -> 1.8922688
A520: 22 19 01 000326 | B520: 5 | C520: 4 | D520: 3 | E520: 43482 | F520: 4 | G520: Jute Yarn | H520: 1 | I520: 4 | J520: 3 | K520: 337.5408 | L520: 5.95 | M520: 4 | N520: 0 | O520: 43486 | P520: V40 | Q520: Nayapara, Banglabazar, Gazipur | R520: 2 | S520: 1000 | T520: =S520*V520 -> 2425.06 | U520: 4 | V520: 2.42506 | W520: =Sheet1!J520*Sheet2!E$2+CEILING(((Sheet1!K520-MIN(K:K))/(MAX(K:K)-MIN(K:K))*5),1)*Sheet2!E$3+CEILING(((Sheet1!L520-MIN(L:L))/(MAX(L:L)-MIN(L:L))*5),1)*Sheet2!E$4+Sheet1!D520*Sheet2!E$5 -> 1.6291462 | X520: =CEILING(((Sheet1!S520-MIN(S:S))/(MAX(S:S)-MIN(S:S))*5),1)*Sheet2!E$6+CEILING(((Sheet1!T520-MIN(T:T))/(MAX(T:T)-MIN(T:T))*5),1)*Sheet2!E$7+CEILING(((Sheet1!V520-MIN(V:V))/(MAX(V:V)-MIN(V:V))*5),1)*Sheet2!E$8 -> 0.53250274 | Y520: =CEILING(((Sheet1!U520-MIN(U:U))/(MAX(U:U)-MIN(U:U))*5),1)*Sheet2!E$9 -> 0.16507402 | Z520: =CEILING(((Sheet1!H520-MIN(H:H))/(MAX(H:H)-MIN(H:H))*5),1)*Sheet2!E$10+I520*Sheet2!E$11+F520*Sheet2!E$12+CEILING(((Sheet1!N520-MIN(N:N))/(MAX(N:N)-MIN(N:N))*5),1)*Sheet2!E$13 -> 0.19934471 | AA520: =B520*Sheet2!E$14+C520*Sheet2!E$15+M520*Sheet2!E$16+R520*Sheet2!E$17 -> 0.18379421 | AB520: =SUM(W520:AA520) -> 2.7098619
A521: 22 19 01 000326 | B521: 5 | C521: 4 | D521: 3 | E521: 43482 | F521: 4 | G521: Jute Yarn | H521: 1 | I521: 4 | J521: 3 | K521: 117.09449 | L521: 5.25 | M521: 4 | N521: 0 | O521: 43486 | P521: V40 | Q521: Nayapara, Banglabazar, Gazipur | R521: 2 | S521: 453.59702 | T521: 1100 | U521: 4 | V521: 2.42506 | W521: =Sheet1!J521*Sheet2!E$2+CEILING(((Sheet1!K521-MIN(K:K))/(MAX(K:K)-MIN(K:K))*5),1)*Sheet2!E$3+CEILING(((Sheet1!L521-MIN(L:L))/(MAX(L:L)-MIN(L:L))*5),1)*Sheet2!E$4+Sheet1!D521*Sheet2!E$5 -> 1.2235709 | X521: =CEILING(((Sheet1!S521-MIN(S:S))/(MAX(S:S)-MIN(S:S))*5),1)*Sheet2!E$6+CEILING(((Sheet1!T521-MIN(T:T))/(MAX(T:T)-MIN(T:T))*5),1)*Sheet2!E$7+CEILING(((Sheet1!V521-MIN(V:V))/(MAX(V:V)-MIN(V:V))*5),1)*Sheet2!E$8 -> 0.37962992 | Y521: =CEILING(((Sheet1!U521-MIN(U:U))/(MAX(U:U)-MIN(U:U))*5),1)*Sheet2!E$9 -> 0.16507402 | Z521: =CEILING(((Sheet1!H521-MIN(H:H))/(MAX(H:H)-MIN(H:H))*5),1)*Sheet2!E$10+I521*Sheet2!E$11+F521*Sheet2!E$12+CEILING(((Sheet1!N521-MIN(N:N))/(MAX(N:N)-MIN(N:N))*5),1)*Sheet2!E$13 -> 0.19934471 | AA521: =B521*Sheet2!E$14+C521*Sheet2!E$15+M521*Sheet2!E$16+R521*Sheet2!E$17 -> 0.18379421 | AB521: =SUM(W521:AA521) -> 2.1514137
A522: 22 19 01 000328 | B522: 5 | C522: 5 | D522: 3 | E522: 43482 | F522: 3 | G522: Jute Yarn | H522: 1 | I522: 5 | J522: 5 | K522: 248.463 | L522: 4.9 | M522: 5 | N522: 0 | O522: 43484 | P522: V85 | Q522: 93 Islampur, Nandun, Kodda, Gazipur District- 1704, Bangladesh | R522: 4 | S522: 46.653966 | T522: 102.225 | U522: 2 | V522: 2.191132 | W522: =Sheet1!J522*Sheet2!E$2+CEILING(((Sheet1!K522-MIN(K:K))/(MAX(K:K)-MIN(K:K))*5),1)*Sheet2!E$3+CEILING(((Sheet1!L522-MIN(L:L))/(MAX(L:L)-MIN(L:L))*5),1)*Sheet2!E$4+Sheet1!D522*Sheet2!E$5 -> 1.6755897 | X522: =CEILING(((Sheet1!S522-MIN(S:S))/(MAX(S:S)-MIN(S:S))*5),1)*Sheet2!E$6+CEILING(((Sheet1!T522-MIN(T:T))/(MAX(T:T)-MIN(T:T))*5),1)*Sheet2!E$7+CEILING(((Sheet1!V522-MIN(V:V))/(MAX(V:V)-MIN(V:V))*5),1)*Sheet2!E$8 -> 0.25202436 | Y522: =CEILING(((Sheet1!U522-MIN(U:U))/(MAX(U:U)-MIN(U:U))*5),1)*Sheet2!E$9 -> 0.16507402 | Z522: =CEILING(((Sheet1!H522-MIN(H:H))/(MAX(H:H)-MIN(H:H))*5),1)*Sheet2!E$10+I522*Sheet2!E$11+F522*Sheet2!E$12+CEILING(((Sheet1!N522-MIN(N:N))/(MAX(N:N)-MIN(N:N))*5),1)*Sheet2!E$13 -> 0.20504286 | AA522: =B522*Sheet2!E$14+C522*Sheet2!E$15+M522*Sheet2!E$16+R522*Sheet2!E$17 -> 0.20800958 | AB522: =SUM(W522:AA522) -> 2.5057405
A523: 22 19 01 000330 | B523: 5 | C523: 4 | D523: 3 | E523: 43484 | F523: 4 | G523: Jute Yarn | H523: 1 | I523: 4 | J523: 3 | K523: 193.3196 | L523: 5.25 | M523: 3 | N523: 0 | O523: 43494 | P523: V27 | Q523: Ismail Plaza 51/52 Shah Kabir Road Moushair, Dakhin Khan, Uttara, Dhaka-1230. | R523: 5 | S523: 10.215973 | T523: 24.779 | U523: 10 | V523: 2.4255155 | W523: =Sheet1!J523*Sheet2!E$2+CEILING(((Sheet1!K523-MIN(K:K))/(MAX(K:K)-MIN(K:K))*5),1)*Sheet2!E$3+CEILING(((Sheet1!L523-MIN(L:L))/(MAX(L:L)-MIN(L:L))*5),1)*Sheet2!E$4+Sheet1!D523*Sheet2!E$5 -> 1.2920798 | X523: =CEILING(((Sheet1!S523-MIN(S:S))/(MAX(S:S)-MIN(S:S))*5),1)*Sheet2!E$6+CEILING(((Sheet1!T523-MIN(T:T))/(MAX(T:T)-MIN(T:T))*5),1)*Sheet2!E$7+CEILING(((Sheet1!V523-MIN(V:V))/(MAX(V:V)-MIN(V:V))*5),1)*Sheet2!E$8 -> 0.25202436 | Y523: =CEILING(((Sheet1!U523-MIN(U:U))/(MAX(U:U)-MIN(U:U))*5),1)*Sheet2!E$9 -> 0.33014805 | Z523: =CEILING(((Sheet1!H523-MIN(H:H))/(MAX(H:H)-MIN(H:H))*5),1)*Sheet2!E$10+I523*Sheet2!E$11+F523*Sheet2!E$12+CEILING(((Sheet1!N523-MIN(N:N))/(MAX(N:N)-MIN(N:N))*5),1)*Sheet2!E$13 -> 0.19934471 | AA523: =B523*Sheet2!E$14+C523*Sheet2!E$15+M523*Sheet2!E$16+R523*Sheet2!E$17 -> 0.18585105 | AB523: =SUM(W523:AA523) -> 2.259448
A524: 22 19 01 000330 | B524: 5 | C524: 4 | D524: 3 | E524: 43484 | F524: 4 | G524: Jute Yarn | H524: 1 | I524: 4 | J524: 3 | K524: 261.1884 | L524: 5.25 | M524: 3 | N524: 0 | O524: 43494 | P524: V27 | Q524: Ismail Plaza 51/52 Shah Kabir Road Moushair, Dakhin Khan, Uttara, Dhaka-1230. | R524: 5 | S524: 5.8030179 | T524: 14.0693 | U524: 10 | V524: 2.4244798 | W524: =Sheet1!J524*Sheet2!E$2+CEILING(((Sheet1!K524-MIN(K:K))/(MAX(K:K)-MIN(K:K))*5),1)*Sheet2!E$3+CEILING(((Sheet1!L524-MIN(L:L))/(MAX(L:L)-MIN(L:L))*5),1)*Sheet2!E$4+Sheet1!D524*Sheet2!E$5 -> 1.4290978 | X524: =CEILING(((Sheet1!S524-MIN(S:S))/(MAX(S:S)-MIN(S:S))*5),1)*Sheet2!E$6+CEILING(((Sheet1!T524-MIN(T:T))/(MAX(T:T)-MIN(T:T))*5),1)*Sheet2!E$7+CEILING(((Sheet1!V524-MIN(V:V))/(MAX(V:V)-MIN(V:V))*5),1)*Sheet2!E$8 -> 0.25202436 | Y524: =CEILING(((Sheet1!U524-MIN(U:U))/(MAX(U:U)-MIN(U:U))*5),1)*Sheet2!E$9 -> 0.33014805 | Z524: =CEILING(((Sheet1!H524-MIN(H:H))/(MAX(H:H)-MIN(H:H))*5),1)*Sheet2!E$10+I524*Sheet2!E$11+F524*Sheet2!E$12+CEILING(((Sheet1!N524-MIN(N:N))/(MAX(N:N)-MIN(N:N))*5),1)*Sheet2!E$13 -> 0.19934471 | AA524: =B524*Sheet2!E$14+C524*Sheet2!E$15+M524*Sheet2!E$16+R524*Sheet2!E$17 -> 0.18585105 | AB524: =SUM(W524:AA524) -> 2.3964659
A525: 22 19 01 000331 | B525: 3 | C525: 2 | D525: 3 | E525: 43484 | F525: 4 | G525: Jute Yarn | H525: 1 | I525: 4 | J525: 3 | K525: 152.59843 | L525: 5.25 | M525: 3 | N525: 1 | O525: 43486 | P525: V35 | Q525: Chandura , Pollibiddut, Kaliakoir, Gazipur. | R525: 5 | S525: 44.600942 | T525: 88.5 | U525: 2 | V525: 1.984263 | W525: =Sheet1!J525*Sheet2!E$2+CEILING(((Sheet1!K525-MIN(K:K))/(MAX(K:K)-MIN(K:K))*5),1)*Sheet2!E$3+CEILING(((Sheet1!L525-MIN(L:L))/(MAX(L:L)-MIN(L:L))*5),1)*Sheet2!E$4+Sheet1!D525*Sheet2!E$5 -> 1.2235709 | X525: =CEILING(((Sheet1!S525-MIN(S:S))/(MAX(S:S)-MIN(S:S))*5),1)*Sheet2!E$6+CEILING(((Sheet1!T525-MIN(T:T))/(MAX(T:T)-MIN(T:T))*5),1)*Sheet2!E$7+CEILING(((Sheet1!V525-MIN(V:V))/(MAX(V:V)-MIN(V:V))*5),1)*Sheet2!E$8 -> 0.25202436 | Y525: =CEILING(((Sheet1!U525-MIN(U:U))/(MAX(U:U)-MIN(U:U))*5),1)*Sheet2!E$9 -> 0.16507402 | Z525: =CEILING(((Sheet1!H525-MIN(H:H))/(MAX(H:H)-MIN(H:H))*5),1)*Sheet2!E$10+I525*Sheet2!E$11+F525*Sheet2!E$12+CEILING(((Sheet1!N525-MIN(N:N))/(MAX(N:N)-MIN(N:N))*5),1)*Sheet2!E$13 -> 0.41848166 | AA525: =B525*Sheet2!E$14+C525*Sheet2!E$15+M525*Sheet2!E$16+R525*Sheet2!E$17 -> 0.11987932 | AB525: =SUM(W525:AA525) -> 2.1790302
A526: 22 19 01 000332 | B526: 5 | C526: 4 | D526: 3 | E526: 43484 | F526: 4 | G526: Jute Yarn | H526: 1 | I526: 4 | J526: 5 | K526: 193.3196 | L526: 5.25 | M526: 4 | N526: 0 | O526: 43488 | P526: V39 | Q526: Vill-Bahadurpur, P.O-Vawal Mirzapur, PS&Dist.-Gazipur, Bangladesh. | R526: 5 | S526: 62.935075 | T526: 159.96 | U526: 4 | V526: 2.5416669 | W526: =Sheet1!J526*Sheet2!E$2+CEILING(((Sheet1!K526-MIN(K:K))/(MAX(K:K)-MIN(K:K))*5),1)*Sheet2!E$3+CEILING(((Sheet1!L526-MIN(L:L))/(MAX(L:L)-MIN(L:L))*5),1)*Sheet2!E$4+Sheet1!D526*Sheet2!E$5 -> 1.7386202 | X526: =CEILING(((Sheet1!S526-MIN(S:S))/(MAX(S:S)-MIN(S:S))*5),1)*Sheet2!E$6+CEILING(((Sheet1!T526-MIN(T:T))/(MAX(T:T)-MIN(T:T))*5),1)*Sheet2!E$7+CEILING(((Sheet1!V526-MIN(V:V))/(MAX(V:V)-MIN(V:V))*5),1)*Sheet2!E$8 -> 0.25202436 | Y526: =CEILING(((Sheet1!U526-MIN(U:U))/(MAX(U:U)-MIN(U:U))*5),1)*Sheet2!E$9 -> 0.16507402 | Z526: =CEILING(((Sheet1!H526-MIN(H:H))/(MAX(H:H)-MIN(H:H))*5),1)*Sheet2!E$10+I526*Sheet2!E$11+F526*Sheet2!E$12+CEILING(((Sheet1!N526-MIN(N:N))/(MAX(N:N)-MIN(N:N))*5),1)*Sheet2!E$13 -> 0.19934471 | AA526: =B526*Sheet2!E$14+C526*Sheet2!E$15+M526*Sheet2!E$16+R526*Sheet2!E$17 -> 0.19222017 | AB526: =SUM(W526:AA526) -> 2.5472834
A527: 22 19 01 000333 | B527: 5 | C527: 4 | D527: 3 | E527: 43484 | F527: 4 | G527: Jute Yarn | H527: 1 | I527: 4 | J527: 5 | K527: 269.672 | L527: 5.25 | M527: 3 | N527: 1 | O527: 43485 | P527: V27 | Q527: Ismail Plaza 51/52 Shah Kabir Road Moushair, Dakhin Khan, Uttara, Dhaka-1230. | R527: 5 | S527: 24.457952 | T527: 59.8849 | U527: 1 | V527: 2.4484839 | W527: =Sheet1!J527*Sheet2!E$2+CEILING(((Sheet1!K527-MIN(K:K))/(MAX(K:K)-MIN(K:K))*5),1)*Sheet2!E$3+CEILING(((Sheet1!L527-MIN(L:L))/(MAX(L:L)-MIN(L:L))*5),1)*Sheet2!E$4+Sheet1!D527*Sheet2!E$5 -> 1.8756381 | X527: =CEILING(((Sheet1!S527-MIN(S:S))/(MAX(S:S)-MIN(S:S))*5),1)*Sheet2!E$6+CEILING(((Sheet1!T527-MIN(T:T))/(MAX(T:T)-MIN(T:T))*5),1)*Sheet2!E$7+CEILING(((Sheet1!V527-MIN(V:V))/(MAX(V:V)-MIN(V:V))*5),1)*Sheet2!E$8 -> 0.25202436 | Y527: =CEILING(((Sheet1!U527-MIN(U:U))/(MAX(U:U)-MIN(U:U))*5),1)*Sheet2!E$9 -> 0.16507402 | Z527: =CEILING(((Sheet1!H527-MIN(H:H))/(MAX(H:H)-MIN(H:H))*5),1)*Sheet2!E$10+I527*Sheet2!E$11+F527*Sheet2!E$12+CEILING(((Sheet1!N527-MIN(N:N))/(MAX(N:N)-MIN(N:N))*5),1)*Sheet2!E$13 -> 0.41848166 | AA527: =B527*Sheet2!E$14+C527*Sheet2!E$15+M527*Sheet2!E$16+R527*Sheet2!E$17 -> 0.18585105 | AB527: =SUM(W527:AA527) -> 2.8970692
A528: 22 19 01 000333 | B528: 5 | C528: 4 | D528: 3 | E528: 43484 | F528: 4 | G528: Jute Yarn | H528: 1 | I528: 4 | J528: 5 | K528: 278.1556 | L528: 5.25 | M528: 3 | N528: 1 | O528: 43485 | P528: V27 | Q528: Ismail Plaza 51/52 Shah Kabir Road Moushair, Dakhin Khan, Uttara, Dhaka-1230. | R528: 5 | S528: 28.248934 | T528: 69.085 | U528: 1 | V528: 2.445579 | W528: =Sheet1!J528*Sheet2!E$2+CEILING(((Sheet1!K528-MIN(K:K))/(MAX(K:K)-MIN(K:K))*5),1)*Sheet2!E$3+CEILING(((Sheet1!L528-MIN(L:L))/(MAX(L:L)-MIN(L:L))*5),1)*Sheet2!E$4+Sheet1!D528*Sheet2!E$5 -> 1.8756381 | X528: =CEILING(((Sheet1!S528-MIN(S:S))/(MAX(S:S)-MIN(S:S))*5),1)*Sheet2!E$6+CEILING(((Sheet1!T528-MIN(T:T))/(MAX(T:T)-MIN(T:T))*5),1)*Sheet2!E$7+CEILING(((Sheet1!V528-MIN(V:V))/(MAX(V:V)-MIN(V:V))*5),1)*Sheet2!E$8 -> 0.25202436 | Y528: =CEILING(((Sheet1!U528-MIN(U:U))/(MAX(U:U)-MIN(U:U))*5),1)*Sheet2!E$9 -> 0.16507402 | Z528: =CEILING(((Sheet1!H528-MIN(H:H))/(MAX(H:H)-MIN(H:H))*5),1)*Sheet2!E$10+I528*Sheet2!E$11+F528*Sheet2!E$12+CEILING(((Sheet1!N528-MIN(N:N))/(MAX(N:N)-MIN(N:N))*5),1)*Sheet2!E$13 -> 0.41848166 | AA528: =B528*Sheet2!E$14+C528*Sheet2!E$15+M528*Sheet2!E$16+R528*Sheet2!E$17 -> 0.18585105 | AB528: =SUM(W528:AA528) -> 2.8970692
A529: 22 19 01 000333 | B529: 5 | C529: 4 | D529: 3 | E529: 43484 | F529: 4 | G529: Jute Yarn | H529: 1 | I529: 4 | J529: 5 | K529: 269.672 | L529: 5.25 | M529: 3 | N529: 1 | O529: 43485 | P529: V27 | Q529: Ismail Plaza 51/52 Shah Kabir Road Moushair, Dakhin Khan, Uttara, Dhaka-1230. | R529: 5 | S529: 17.34555 | T529: 42.4703 | U529: 1 | V529: 2.4484839 | W529: =Sheet1!J529*Sheet2!E$2+CEILING(((Sheet1!K529-MIN(K:K))/(MAX(K:K)-MIN(K:K))*5),1)*Sheet2!E$3+CEILING(((Sheet1!L529-MIN(L:L))/(MAX(L:L)-MIN(L:L))*5),1)*Sheet2!E$4+Sheet1!D529*Sheet2!E$5 -> 1.8756381 | X529: =CEILING(((Sheet1!S529-MIN(S:S))/(MAX(S:S)-MIN(S:S))*5),1)*Sheet2!E$6+CEILING(((Sheet1!T529-MIN(T:T))/(MAX(T:T)-MIN(T:T))*5),1)*Sheet2!E$7+CEILING(((Sheet1!V529-MIN(V:V))/(MAX(V:V)-MIN(V:V))*5),1)*Sheet2!E$8 -> 0.25202436 | Y529: =CEILING(((Sheet1!U529-MIN(U:U))/(MAX(U:U)-MIN(U:U))*5),1)*Sheet2!E$9 -> 0.16507402 | Z529: =CEILING(((Sheet1!H529-MIN(H:H))/(MAX(H:H)-MIN(H:H))*5),1)*Sheet2!E$10+I529*Sheet2!E$11+F529*Sheet2!E$12+CEILING(((Sheet1!N529-MIN(N:N))/(MAX(N:N)-MIN(N:N))*5),1)*Sheet2!E$13 -> 0.41848166 | AA529: =B529*Sheet2!E$14+C529*Sheet2!E$15+M529*Sheet2!E$16+R529*Sheet2!E$17 -> 0.18585105 | AB529: =SUM(W529:AA529) -> 2.8970692
A530: 22 19 01 000333 | B530: 5 | C530: 4 | D530: 3 | E530: 43484 | F530: 4 | G530: Jute Yarn | H530: 1 | I530: 4 | J530: 5 | K530: 278.1556 | L530: 5.25 | M530: 3 | N530: 1 | O530: 43485 | P530: V27 | Q530: Ismail Plaza 51/52 Shah Kabir Road Moushair, Dakhin Khan, Uttara, Dhaka-1230. | R530: 5 | S530: 20.03411 | T530: 48.995 | U530: 1 | V530: 2.445579 | W530: =Sheet1!J530*Sheet2!E$2+CEILING(((Sheet1!K530-MIN(K:K))/(MAX(K:K)-MIN(K:K))*5),1)*Sheet2!E$3+CEILING(((Sheet1!L530-MIN(L:L))/(MAX(L:L)-MIN(L:L))*5),1)*Sheet2!E$4+Sheet1!D530*Sheet2!E$5 -> 1.8756381 | X530: =CEILING(((Sheet1!S530-MIN(S:S))/(MAX(S:S)-MIN(S:S))*5),1)*Sheet2!E$6+CEILING(((Sheet1!T530-MIN(T:T))/(MAX(T:T)-MIN(T:T))*5),1)*Sheet2!E$7+CEILING(((Sheet1!V530-MIN(V:V))/(MAX(V:V)-MIN(V:V))*5),1)*Sheet2!E$8 -> 0.25202436 | Y530: =CEILING(((Sheet1!U530-MIN(U:U))/(MAX(U:U)-MIN(U:U))*5),1)*Sheet2!E$9 -> 0.16507402 | Z530: =CEILING(((Sheet1!H530-MIN(H:H))/(MAX(H:H)-MIN(H:H))*5),1)*Sheet2!E$10+I530*Sheet2!E$11+F530*Sheet2!E$12+CEILING(((Sheet1!N530-MIN(N:N))/(MAX(N:N)-MIN(N:N))*5),1)*Sheet2!E$13 -> 0.41848166 | AA530: =B530*Sheet2!E$14+C530*Sheet2!E$15+M530*Sheet2!E$16+R530*Sheet2!E$17 -> 0.18585105 | AB530: =SUM(W530:AA530) -> 2.8970692
A531: 22 19 01 000334 | B531: 5 | C531: 4 | D531: 3 | E531: 43484 | F531: 4 | G531: Jute Yarn | H531: 1 | I531: 4 | J531: 5 | K531: 278.1556 | L531: 5.25 | M531: 3 | N531: 1 | O531: 43485 | P531: V27 | Q531: Ismail Plaza 51/52 Shah Kabir Road Moushair, Dakhin Khan, Uttara, Dhaka-1230. | R531: 5 | S531: 3.7797333 | T531: 9.2496 | U531: 1 | V531: 2.4471568 | W531: =Sheet1!J531*Sheet2!E$2+CEILING(((Sheet1!K531-MIN(K:K))/(MAX(K:K)-MIN(K:K))*5),1)*Sheet2!E$3+CEILING(((Sheet1!L531-MIN(L:L))/(MAX(L:L)-MIN(L:L))*5),1)*Sheet2!E$4+Sheet1!D531*Sheet2!E$5 -> 1.8756381 | X531: =CEILING(((Sheet1!S531-MIN(S:S))/(MAX(S:S)-MIN(S:S))*5),1)*Sheet2!E$6+CEILING(((Sheet1!T531-MIN(T:T))/(MAX(T:T)-MIN(T:T))*5),1)*Sheet2!E$7+CEILING(((Sheet1!V531-MIN(V:V))/(MAX(V:V)-MIN(V:V))*5),1)*Sheet2!E$8 -> 0.25202436 | Y531: =CEILING(((Sheet1!U531-MIN(U:U))/(MAX(U:U)-MIN(U:U))*5),1)*Sheet2!E$9 -> 0.16507402 | Z531: =CEILING(((Sheet1!H531-MIN(H:H))/(MAX(H:H)-MIN(H:H))*5),1)*Sheet2!E$10+I531*Sheet2!E$11+F531*Sheet2!E$12+CEILING(((Sheet1!N531-MIN(N:N))/(MAX(N:N)-MIN(N:N))*5),1)*Sheet2!E$13 -> 0.41848166 | AA531: =B531*Sheet2!E$14+C531*Sheet2!E$15+M531*Sheet2!E$16+R531*Sheet2!E$17 -> 0.18585105 | AB531: =SUM(W531:AA531) -> 2.8970692
A532: 22 19 01 000334 | B532: 5 | C532: 4 | D532: 3 | E532: 43484 | F532: 4 | G532: Jute Yarn | H532: 1 | I532: 4 | J532: 5 | K532: 286.6392 | L532: 5.25 | M532: 3 | N532: 1 | O532: 43485 | P532: V27 | Q532: Ismail Plaza 51/52 Shah Kabir Road Moushair, Dakhin Khan, Uttara, Dhaka-1230. | R532: 5 | S532: 4.2151864 | T532: 10.3056 | U532: 1 | V532: 2.4448741 | W532: =Sheet1!J532*Sheet2!E$2+CEILING(((Sheet1!K532-MIN(K:K))/(MAX(K:K)-MIN(K:K))*5),1)*Sheet2!E$3+CEILING(((Sheet1!L532-MIN(L:L))/(MAX(L:L)-MIN(L:L))*5),1)*Sheet2!E$4+Sheet1!D532*Sheet2!E$5 -> 1.8756381 | X532: =CEILING(((Sheet1!S532-MIN(S:S))/(MAX(S:S)-MIN(S:S))*5),1)*Sheet2!E$6+CEILING(((Sheet1!T532-MIN(T:T))/(MAX(T:T)-MIN(T:T))*5),1)*Sheet2!E$7+CEILING(((Sheet1!V532-MIN(V:V))/(MAX(V:V)-MIN(V:V))*5),1)*Sheet2!E$8 -> 0.25202436 | Y532: =CEILING(((Sheet1!U532-MIN(U:U))/(MAX(U:U)-MIN(U:U))*5),1)*Sheet2!E$9 -> 0.16507402 | Z532: =CEILING(((Sheet1!H532-MIN(H:H))/(MAX(H:H)-MIN(H:H))*5),1)*Sheet2!E$10+I532*Sheet2!E$11+F532*Sheet2!E$12+CEILING(((Sheet1!N532-MIN(N:N))/(MAX(N:N)-MIN(N:N))*5),1)*Sheet2!E$13 -> 0.41848166 | AA532: =B532*Sheet2!E$14+C532*Sheet2!E$15+M532*Sheet2!E$16+R532*Sheet2!E$17 -> 0.18585105 | AB532: =SUM(W532:AA532) -> 2.8970692
... A641: 22 19 01 000400 | B641: 4 | C641: 3 | D641: 3 | E641: 43487 | F641: 4 | G641: Jute Yarn | H641: 1 | I641: 4 | J641: 5 | K641: 206.045 | L641: 5.075 | M641: 5 | N641: 0 | O641: 43489 | P641: V80 | Q641: Tollaroad, Fatullah, Narayanganj. | R641: 4 | S641: 89.832623 | T641: 165.9177 | U641: 2 | V641: 1.8469649 | W641: =Sheet1!J641*Sheet2!E$2+CEILING(((Sheet1!K641-MIN(K:K))/(MAX(K:K)-MIN(K:K))*5),1)*Sheet2!E$3+CEILING(((Sheet1!L641-MIN(L:L))/(MAX(L:L)-MIN(L:L))*5),1)*Sheet2!E$4+Sheet1!D641*Sheet2!E$5 -> 1.6070808 | X641: =CEILING(((Sheet1!S641-MIN(S:S))/(MAX(S:S)-MIN(S:S))*5),1)*Sheet2!E$6+CEILING(((Sheet1!T641-MIN(T:T))/(MAX(T:T)-MIN(T:T))*5),1)*Sheet2!E$7+CEILING(((Sheet1!V641-MIN(V:V))/(MAX(V:V)-MIN(V:V))*5),1)*Sheet2!E$8 -> 0.25202436 | Y641: =CEILING(((Sheet1!U641-MIN(U:U))/(MAX(U:U)-MIN(U:U))*5),1)*Sheet2!E$9 -> 0.16507402 | Z641: =CEILING(((Sheet1!H641-MIN(H:H))/(MAX(H:H)-MIN(H:H))*5),1)*Sheet2!E$10+I641*Sheet2!E$11+F641*Sheet2!E$12+CEILING(((Sheet1!N641-MIN(N:N))/(MAX(N:N)-MIN(N:N))*5),1)*Sheet2!E$13 -> 0.19934471 | AA641: =B641*Sheet2!E$14+C641*Sheet2!E$15+M641*Sheet2!E$16+R641*Sheet2!E$17 -> 0.16279478 | AB641: =SUM(W641:AA641) -> 2.3863186
A642: 22 19 01 000400 | B642: 4 | C642: 3 | D642: 3 | E642: 43487 | F642: 4 | G642: Jute Yarn | H642: 1 | I642: 4 | J642: 5 | K642: 227.254 | L642: 5.075 | M642: 5 | N642: 0 | O642: 43489 | P642: V80 | Q642: Tollaroad, Fatullah, Narayanganj. | R642: 4 | S642: 1000 | T642: =S642*V642 -> 1815.7331 | U642: 2 | V642: 1.8157331 | W642: =Sheet1!J642*Sheet2!E$2+CEILING(((Sheet1!K642-MIN(K:K))/(MAX(K:K)-MIN(K:K))*5),1)*Sheet2!E$3+CEILING(((Sheet1!L642-MIN(L:L))/(MAX(L:L)-MIN(L:L))*5),1)*Sheet2!E$4+Sheet1!D642*Sheet2!E$5 -> 1.6755897 | X642: =CEILING(((Sheet1!S642-MIN(S:S))/(MAX(S:S)-MIN(S:S))*5),1)*Sheet2!E$6+CEILING(((Sheet1!T642-MIN(T:T))/(MAX(T:T)-MIN(T:T))*5),1)*Sheet2!E$7+CEILING(((Sheet1!V642-MIN(V:V))/(MAX(V:V)-MIN(V:V))*5),1)*Sheet2!E$8 -> 0.50723548 | Y642: =CEILING(((Sheet1!U642-MIN(U:U))/(MAX(U:U)-MIN(U:U))*5),1)*Sheet2!E$9 -> 0.16507402 | Z642: =CEILING(((Sheet1!H642-MIN(H:H))/(MAX(H:H)-MIN(H:H))*5),1)*Sheet2!E$10+I642*Sheet2!E$11+F642*Sheet2!E$12+CEILING(((Sheet1!N642-MIN(N:N))/(MAX(N:N)-MIN(N:N))*5),1)*Sheet2!E$13 -> 0.19934471 | AA642: =B642*Sheet2!E$14+C642*Sheet2!E$15+M642*Sheet2!E$16+R642*Sheet2!E$17 -> 0.16279478 | AB642: =SUM(W642:AA642) -> 2.7100387
A643: 22 19 01 000401 | B643: 5 | C643: 4 | D643: 3 | E643: 43487 | F643: 4 | G643: Jute Yarn | H643: 1 | I643: 4 | J643: 5 | K643: 131.55906 | L643: 5.6 | M643: 4 | N643: 1 | O643: 43487 | P643: V39 | Q643: Vill-Bahadurpur, P.O-Vawal Mirzapur, PS&Dist.-Gazipur, Bangladesh. | R643: 5 | S643: 13.425639 | T643: 33.6672 | U643: 0 | V643: 2.5076794 | W643: =Sheet1!J643*Sheet2!E$2+CEILING(((Sheet1!K643-MIN(K:K))/(MAX(K:K)-MIN(K:K))*5),1)*Sheet2!E$3+CEILING(((Sheet1!L643-MIN(L:L))/(MAX(L:L)-MIN(L:L))*5),1)*Sheet2!E$4+Sheet1!D643*Sheet2!E$5 -> 1.6701112 | X643: =CEILING(((Sheet1!S643-MIN(S:S))/(MAX(S:S)-MIN(S:S))*5),1)*Sheet2!E$6+CEILING(((Sheet1!T643-MIN(T:T))/(MAX(T:T)-MIN(T:T))*5),1)*Sheet2!E$7+CEILING(((Sheet1!V643-MIN(V:V))/(MAX(V:V)-MIN(V:V))*5),1)*Sheet2!E$8 -> 0.25202436 | Y643: =CEILING(((Sheet1!U643-MIN(U:U))/(MAX(U:U)-MIN(U:U))*5),1)*Sheet2!E$9 -> 0 | Z643: =CEILING(((Sheet1!H643-MIN(H:H))/(MAX(H:H)-MIN(H:H))*5),1)*Sheet2!E$10+I643*Sheet2!E$11+F643*Sheet2!E$12+CEILING(((Sheet1!N643-MIN(N:N))/(MAX(N:N)-MIN(N:N))*5),1)*Sheet2!E$13 -> 0.41848166 | AA643: =B643*Sheet2!E$14+C643*Sheet2!E$15+M643*Sheet2!E$16+R643*Sheet2!E$17 -> 0.19222017 | AB643: =SUM(W643:AA643) -> 2.5328374
A644: 22 19 01 000401 | B644: 5 | C644: 4 | D644: 3 | E644: 43487 | F644: 4 | G644: Jute Yarn | H644: 1 | I644: 4 | J644: 5 | K644: 132.87402 | L644: 5.6 | M644: 4 | N644: 1 | O644: 43487 | P644: V39 | Q644: Vill-Bahadurpur, P.O-Vawal Mirzapur, PS&Dist.-Gazipur, Bangladesh. | R644: 5 | S644: 6.1578278 | T644: 15.3272 | U644: 0 | V644: 2.4890595 | W644: =Sheet1!J644*Sheet2!E$2+CEILING(((Sheet1!K644-MIN(K:K))/(MAX(K:K)-MIN(K:K))*5),1)*Sheet2!E$3+CEILING(((Sheet1!L644-MIN(L:L))/(MAX(L:L)-MIN(L:L))*5),1)*Sheet2!E$4+Sheet1!D644*Sheet2!E$5 -> 1.6701112 | X644: =CEILING(((Sheet1!S644-MIN(S:S))/(MAX(S:S)-MIN(S:S))*5),1)*Sheet2!E$6+CEILING(((Sheet1!T644-MIN(T:T))/(MAX(T:T)-MIN(T:T))*5),1)*Sheet2!E$7+CEILING(((Sheet1!V644-MIN(V:V))/(MAX(V:V)-MIN(V:V))*5),1)*Sheet2!E$8 -> 0.25202436 | Y644: =CEILING(((Sheet1!U644-MIN(U:U))/(MAX(U:U)-MIN(U:U))*5),1)*Sheet2!E$9 -> 0 | Z644: =CEILING(((Sheet1!H644-MIN(H:H))/(MAX(H:H)-MIN(H:H))*5),1)*Sheet2!E$10+I644*Sheet2!E$11+F644*Sheet2!E$12+CEILING(((Sheet1!N644-MIN(N:N))/(MAX(N:N)-MIN(N:N))*5),1)*Sheet2!E$13 -> 0.41848166 | AA644: =B644*Sheet2!E$14+C644*Sheet2!E$15+M644*Sheet2!E$16+R644*Sheet2!E$17 -> 0.19222017 | AB644: =SUM(W644:AA644) -> 2.5328374
A645: 22 19 01 000403 | B645: 5 | C645: 4 | D645: 3 | E645: 43487 | F645: 4 | G645: Jute Yarn | H645: 1 | I645: 4 | J645: 5 | K645: 132.87402 | L645: 5.6 | M645: 4 | N645: 1 | O645: 43489 | P645: V39 | Q645: Vill-Bahadurpur, P.O-Vawal Mirzapur, PS&Dist.-Gazipur, Bangladesh. | R645: 5 | S645: 17.323812 | T645: 43.19 | U645: 2 | V645: 2.4931002 | W645: =Sheet1!J645*Sheet2!E$2+CEILING(((Sheet1!K645-MIN(K:K))/(MAX(K:K)-MIN(K:K))*5),1)*Sheet2!E$3+CEILING(((Sheet1!L645-MIN(L:L))/(MAX(L:L)-MIN(L:L))*5),1)*Sheet2!E$4+Sheet1!D645*Sheet2!E$5 -> 1.6701112 | X645: =CEILING(((Sheet1!S645-MIN(S:S))/(MAX(S:S)-MIN(S:S))*5),1)*Sheet2!E$6+CEILING(((Sheet1!T645-MIN(T:T))/(MAX(T:T)-MIN(T:T))*5),1)*Sheet2!E$7+CEILING(((Sheet1!V645-MIN(V:V))/(MAX(V:V)-MIN(V:V))*5),1)*Sheet2!E$8 -> 0.25202436 | Y645: =CEILING(((Sheet1!U645-MIN(U:U))/(MAX(U:U)-MIN(U:U))*5),1)*Sheet2!E$9 -> 0.16507402 | Z645: =CEILING(((Sheet1!H645-MIN(H:H))/(MAX(H:H)-MIN(H:H))*5),1)*Sheet2!E$10+I645*Sheet2!E$11+F645*Sheet2!E$12+CEILING(((Sheet1!N645-MIN(N:N))/(MAX(N:N)-MIN(N:N))*5),1)*Sheet2!E$13 -> 0.41848166 | AA645: =B645*Sheet2!E$14+C645*Sheet2!E$15+M645*Sheet2!E$16+R645*Sheet2!E$17 -> 0.19222017 | AB645: =SUM(W645:AA645) -> 2.6979114
A646: 22 19 01 000406 | B646: 5 | C646: 4 | D646: 3 | E646: 43487 | F646: 4 | G646: Jute Yarn | H646: 1 | I646: 4 | J646: 5 | K646: 144.70866 | L646: 5.25 | M646: 3 | N646: 0 | O646: 43489 | P646: V28 | Q646: Plot-I/5, I/7, I/9, I/11 & I/13, Road-6, Section-7, Mirpur I/A, Dhaka-1216, Bangladesh. | R646: 5 | S646: 4.3920739 | T646: 10.8332 | U646: 2 | V646: 2.4665341 | W646: =Sheet1!J646*Sheet2!E$2+CEILING(((Sheet1!K646-MIN(K:K))/(MAX(K:K)-MIN(K:K))*5),1)*Sheet2!E$3+CEILING(((Sheet1!L646-MIN(L:L))/(MAX(L:L)-MIN(L:L))*5),1)*Sheet2!E$4+Sheet1!D646*Sheet2!E$5 -> 1.6701112 | X646: =CEILING(((Sheet1!S646-MIN(S:S))/(MAX(S:S)-MIN(S:S))*5),1)*Sheet2!E$6+CEILING(((Sheet1!T646-MIN(T:T))/(MAX(T:T)-MIN(T:T))*5),1)*Sheet2!E$7+CEILING(((Sheet1!V646-MIN(V:V))/(MAX(V:V)-MIN(V:V))*5),1)*Sheet2!E$8 -> 0.25202436 | Y646: =CEILING(((Sheet1!U646-MIN(U:U))/(MAX(U:U)-MIN(U:U))*5),1)*Sheet2!E$9 -> 0.16507402 | Z646: =CEILING(((Sheet1!H646-MIN(H:H))/(MAX(H:H)-MIN(H:H))*5),1)*Sheet2!E$10+I646*Sheet2!E$11+F646*Sheet2!E$12+CEILING(((Sheet1!N646-MIN(N:N))/(MAX(N:N)-MIN(N:N))*5),1)*Sheet2!E$13 -> 0.19934471 | AA646: =B646*Sheet2!E$14+C646*Sheet2!E$15+M646*Sheet2!E$16+R646*Sheet2!E$17 -> 0.18585105 | AB646: =SUM(W646:AA646) -> 2.4724053
A647: 22 19 01 000408 | B647: 3 | C647: 1 | D647: 3 | E647: 43487 | F647: 4 | G647: Jute Yarn | H647: 1 | I647: 4 | J647: 4 | K647: 120.38189 | L647: 4.55 | M647: 5 | N647: 1 | O647: 43491 | P647: V77 | Q647: Plot#118-121 Adamjee EPZ, Siddirgonj, Narayangonj. | R647: 4 | S647: 15.340461 | T647: 31.54 | U647: 4 | V647: 2.0560008 | W647: =Sheet1!J647*Sheet2!E$2+CEILING(((Sheet1!K647-MIN(K:K))/(MAX(K:K)-MIN(K:K))*5),1)*Sheet2!E$3+CEILING(((Sheet1!L647-MIN(L:L))/(MAX(L:L)-MIN(L:L))*5),1)*Sheet2!E$4+Sheet1!D647*Sheet2!E$5 -> 1.3153016 | X647: =CEILING(((Sheet1!S647-MIN(S:S))/(MAX(S:S)-MIN(S:S))*5),1)*Sheet2!E$6+CEILING(((Sheet1!T647-MIN(T:T))/(MAX(T:T)-MIN(T:T))*5),1)*Sheet2!E$7+CEILING(((Sheet1!V647-MIN(V:V))/(MAX(V:V)-MIN(V:V))*5),1)*Sheet2!E$8 -> 0.25202436 | Y647: =CEILING(((Sheet1!U647-MIN(U:U))/(MAX(U:U)-MIN(U:U))*5),1)*Sheet2!E$9 -> 0.16507402 | Z647: =CEILING(((Sheet1!H647-MIN(H:H))/(MAX(H:H)-MIN(H:H))*5),1)*Sheet2!E$10+I647*Sheet2!E$11+F647*Sheet2!E$12+CEILING(((Sheet1!N647-MIN(N:N))/(MAX(N:N)-MIN(N:N))*5),1)*Sheet2!E$13 -> 0.41848166 | AA647: =B647*Sheet2!E$14+C647*Sheet2!E$15+M647*Sheet2!E$16+R647*Sheet2!E$17 -> 0.11757999 | AB647: =SUM(W647:AA647) -> 2.2684617
A648: 22 19 01 000408 | B648: 3 | C648: 1 | D648: 3 | E648: 43487 | F648: 4 | G648: Jute Yarn | H648: 1 | I648: 4 | J648: 2 | K648: 120.38189 | L648: 4.55 | M648: 5 | N648: 1 | O648: 43491 | P648: V77 | Q648: Plot#118-121 Adamjee EPZ, Siddirgonj, Narayangonj. | R648: 4 | S648: 15.580733 | T648: 32.034 | U648: 4 | V648: 2.0560008 | W648: =Sheet1!J648*Sheet2!E$2+CEILING(((Sheet1!K648-MIN(K:K))/(MAX(K:K)-MIN(K:K))*5),1)*Sheet2!E$3+CEILING(((Sheet1!L648-MIN(L:L))/(MAX(L:L)-MIN(L:L))*5),1)*Sheet2!E$4+Sheet1!D648*Sheet2!E$5 -> 0.86876128 | X648: =CEILING(((Sheet1!S648-MIN(S:S))/(MAX(S:S)-MIN(S:S))*5),1)*Sheet2!E$6+CEILING(((Sheet1!T648-MIN(T:T))/(MAX(T:T)-MIN(T:T))*5),1)*Sheet2!E$7+CEILING(((Sheet1!V648-MIN(V:V))/(MAX(V:V)-MIN(V:V))*5),1)*Sheet2!E$8 -> 0.25202436 | Y648: =CEILING(((Sheet1!U648-MIN(U:U))/(MAX(U:U)-MIN(U:U))*5),1)*Sheet2!E$9 -> 0.16507402 | Z648: =CEILING(((Sheet1!H648-MIN(H:H))/(MAX(H:H)-MIN(H:H))*5),1)*Sheet2!E$10+I648*Sheet2!E$11+F648*Sheet2!E$12+CEILING(((Sheet1!N648-MIN(N:N))/(MAX(N:N)-MIN(N:N))*5),1)*Sheet2!E$13 -> 0.41848166 | AA648: =B648*Sheet2!E$14+C648*Sheet2!E$15+M648*Sheet2!E$16+R648*Sheet2!E$17 -> 0.11757999 | AB648: =SUM(W648:AA648) -> 1.8219213
A649: 22 19 01 000408 | B649: 3 | C649: 1 | D649: 3 | E649: 43487 | F649: 4 | G649: Jute Yarn | H649: 1 | I649: 4 | J649: 4 | K649: 120.38189 | L649: 4.55 | M649: 5 | N649: 1 | O649: 43491 | P649: V77 | Q649: Plot#118-121 Adamjee EPZ, Siddirgonj, Narayangonj. | R649: 4 | S649: 3.8351152 | T649: 7.885 | U649: 4 | V649: 2.0560008 | W649: =Sheet1!J649*Sheet2!E$2+CEILING(((Sheet1!K649-MIN(K:K))/(MAX(K:K)-MIN(K:K))*5),1)*Sheet2!E$3+CEILING(((Sheet1!L649-MIN(L:L))/(MAX(L:L)-MIN(L:L))*5),1)*Sheet2!E$4+Sheet1!D649*Sheet2!E$5 -> 1.3153016 | X649: =CEILING(((Sheet1!S649-MIN(S:S))/(MAX(S:S)-MIN(S:S))*5),1)*Sheet2!E$6+CEILING(((Sheet1!T649-MIN(T:T))/(MAX(T:T)-MIN(T:T))*5),1)*Sheet2!E$7+CEILING(((Sheet1!V649-MIN(V:V))/(MAX(V:V)-MIN(V:V))*5),1)*Sheet2!E$8 -> 0.25202436 | Y649: =CEILING(((Sheet1!U649-MIN(U:U))/(MAX(U:U)-MIN(U:U))*5),1)*Sheet2!E$9 -> 0.16507402 | Z649: =CEILING(((Sheet1!H649-MIN(H:H))/(MAX(H:H)-MIN(H:H))*5),1)*Sheet2!E$10+I649*Sheet2!E$11+F649*Sheet2!E$12+CEILING(((Sheet1!N649-MIN(N:N))/(MAX(N:N)-MIN(N:N))*5),1)*Sheet2!E$13 -> 0.41848166 | AA649: =B649*Sheet2!E$14+C649*Sheet2!E$15+M649*Sheet2!E$16+R649*Sheet2!E$17 -> 0.11757999 | AB649: =SUM(W649:AA649) -> 2.2684617
A650: 22 19 01 000408 | B650: 3 | C650: 1 | D650: 3 | E650: 43487 | F650: 4 | G650: Jute Yarn | H650: 1 | I650: 4 | J650: 4 | K650: 120.38189 | L650: 4.55 | M650: 5 | N650: 1 | O650: 43491 | P650: V77 | Q650: Plot#118-121 Adamjee EPZ, Siddirgonj, Narayangonj. | R650: 4 | S650: 0.46206207 | T650: 0.95 | U650: 4 | V650: 2.0560008 | W650: =Sheet1!J650*Sheet2!E$2+CEILING(((Sheet1!K650-MIN(K:K))/(MAX(K:K)-MIN(K:K))*5),1)*Sheet2!E$3+CEILING(((Sheet1!L650-MIN(L:L))/(MAX(L:L)-MIN(L:L))*5),1)*Sheet2!E$4+Sheet1!D650*Sheet2!E$5 -> 1.3153016 | X650: =CEILING(((Sheet1!S650-MIN(S:S))/(MAX(S:S)-MIN(S:S))*5),1)*Sheet2!E$6+CEILING(((Sheet1!T650-MIN(T:T))/(MAX(T:T)-MIN(T:T))*5),1)*Sheet2!E$7+CEILING(((Sheet1!V650-MIN(V:V))/(MAX(V:V)-MIN(V:V))*5),1)*Sheet2!E$8 -> 0.25202436 | Y650: =CEILING(((Sheet1!U650-MIN(U:U))/(MAX(U:U)-MIN(U:U))*5),1)*Sheet2!E$9 -> 0.16507402 | Z650: =CEILING(((Sheet1!H650-MIN(H:H))/(MAX(H:H)-MIN(H:H))*5),1)*Sheet2!E$10+I650*Sheet2!E$11+F650*Sheet2!E$12+CEILING(((Sheet1!N650-MIN(N:N))/(MAX(N:N)-MIN(N:N))*5),1)*Sheet2!E$13 -> 0.41848166 | AA650: =B650*Sheet2!E$14+C650*Sheet2!E$15+M650*Sheet2!E$16+R650*Sheet2!E$17 -> 0.11757999 | AB650: =SUM(W650:AA650) -> 2.2684617
A651: 22 19 01 000408 | B651: 3 | C651: 1 | D651: 3 | E651: 43487 | F651: 4 | G651: Jute Yarn | H651: 1 | I651: 4 | J651: 4 | K651: 120.38189 | L651: 4.55 | M651: 5 | N651: 1 | O651: 43491 | P651: V77 | Q651: Plot#118-121 Adamjee EPZ, Siddirgonj, Narayangonj. | R651: 4 | S651: 1.6819059 | T651: 3.458 | U651: 4 | V651: 2.0560008 | W651: =Sheet1!J651*Sheet2!E$2+CEILING(((Sheet1!K651-MIN(K:K))/(MAX(K:K)-MIN(K:K))*5),1)*Sheet2!E$3+CEILING(((Sheet1!L651-MIN(L:L))/(MAX(L:L)-MIN(L:L))*5),1)*Sheet2!E$4+Sheet1!D651*Sheet2!E$5 -> 1.3153016 | X651: =CEILING(((Sheet1!S651-MIN(S:S))/(MAX(S:S)-MIN(S:S))*5),1)*Sheet2!E$6+CEILING(((Sheet1!T651-MIN(T:T))/(MAX(T:T)-MIN(T:T))*5),1)*Sheet2!E$7+CEILING(((Sheet1!V651-MIN(V:V))/(MAX(V:V)-MIN(V:V))*5),1)*Sheet2!E$8 -> 0.25202436 | Y651: =CEILING(((Sheet1!U651-MIN(U:U))/(MAX(U:U)-MIN(U:U))*5),1)*Sheet2!E$9 -> 0.16507402 | Z651: =CEILING(((Sheet1!H651-MIN(H:H))/(MAX(H:H)-MIN(H:H))*5),1)*Sheet2!E$10+I651*Sheet2!E$11+F651*Sheet2!E$12+CEILING(((Sheet1!N651-MIN(N:N))/(MAX(N:N)-MIN(N:N))*5),1)*Sheet2!E$13 -> 0.41848166 | AA651: =B651*Sheet2!E$14+C651*Sheet2!E$15+M651*Sheet2!E$16+R651*Sheet2!E$17 -> 0.11757999 | AB651: =SUM(W651:AA651) -> 2.2684617
A652: 22 19 01 000408 | B652: 3 | C652: 1 | D652: 3 | E652: 43487 | F652: 4 | G652: Jute Yarn | H652: 1 | I652: 4 | J652: 4 | K652: 120.38189 | L652: 4.55 | M652: 5 | N652: 1 | O652: 43491 | P652: V77 | Q652: Plot#118-121 Adamjee EPZ, Siddirgonj, Narayangonj. | R652: 4 | S652: 0.73929931 | T652: 1.52 | U652: 4 | V652: 2.0560008 | W652: =Sheet1!J652*Sheet2!E$2+CEILING(((Sheet1!K652-MIN(K:K))/(MAX(K:K)-MIN(K:K))*5),1)*Sheet2!E$3+CEILING(((Sheet1!L652-MIN(L:L))/(MAX(L:L)-MIN(L:L))*5),1)*Sheet2!E$4+Sheet1!D652*Sheet2!E$5 -> 1.3153016 | X652: =CEILING(((Sheet1!S652-MIN(S:S))/(MAX(S:S)-MIN(S:S))*5),1)*Sheet2!E$6+CEILING(((Sheet1!T652-MIN(T:T))/(MAX(T:T)-MIN(T:T))*5),1)*Sheet2!E$7+CEILING(((Sheet1!V652-MIN(V:V))/(MAX(V:V)-MIN(V:V))*5),1)*Sheet2!E$8 -> 0.25202436 | Y652: =CEILING(((Sheet1!U652-MIN(U:U))/(MAX(U:U)-MIN(U:U))*5),1)*Sheet2!E$9 -> 0.16507402 | Z652: =CEILING(((Sheet1!H652-MIN(H:H))/(MAX(H:H)-MIN(H:H))*5),1)*Sheet2!E$10+I652*Sheet2!E$11+F652*Sheet2!E$12+CEILING(((Sheet1!N652-MIN(N:N))/(MAX(N:N)-MIN(N:N))*5),1)*Sheet2!E$13 -> 0.41848166 | AA652: =B652*Sheet2!E$14+C652*Sheet2!E$15+M652*Sheet2!E$16+R652*Sheet2!E$17 -> 0.11757999 | AB652: =SUM(W652:AA652) -> 2.2684617
A653: 22 19 01 000409 | B653: 5 | C653: 4 | D653: 3 | E653: 43487 | F653: 4 | G653: Jute Yarn | H653: 1 | I653: 4 | J653: 5 | K653: 193.3196 | L653: 5.25 | M653: 4 | N653: 0 | O653: 43487 | P653: V39 | Q653: Vill-Bahadurpur, P.O-Vawal Mirzapur, PS&Dist.-Gazipur, Bangladesh. | R653: 5 | S653: 197.58686 | T653: 502.2 | U653: 0 | V653: 2.5416669 | W653: =Sheet1!J653*Sheet2!E$2+CEILING(((Sheet1!K653-MIN(K:K))/(MAX(K:K)-MIN(K:K))*5),1)*Sheet2!E$3+CEILING(((Sheet1!L653-MIN(L:L))/(MAX(L:L)-MIN(L:L))*5),1)*Sheet2!E$4+Sheet1!D653*Sheet2!E$5 -> 1.7386202 | X653: =CEILING(((Sheet1!S653-MIN(S:S))/(MAX(S:S)-MIN(S:S))*5),1)*Sheet2!E$6+CEILING(((Sheet1!T653-MIN(T:T))/(MAX(T:T)-MIN(T:T))*5),1)*Sheet2!E$7+CEILING(((Sheet1!V653-MIN(V:V))/(MAX(V:V)-MIN(V:V))*5),1)*Sheet2!E$8 -> 0.25202436 | Y653: =CEILING(((Sheet1!U653-MIN(U:U))/(MAX(U:U)-MIN(U:U))*5),1)*Sheet2!E$9 -> 0 | Z653: =CEILING(((Sheet1!H653-MIN(H:H))/(MAX(H:H)-MIN(H:H))*5),1)*Sheet2!E$10+I653*Sheet2!E$11+F653*Sheet2!E$12+CEILING(((Sheet1!N653-MIN(N:N))/(MAX(N:N)-MIN(N:N))*5),1)*Sheet2!E$13 -> 0.19934471 | AA653: =B653*Sheet2!E$14+C653*Sheet2!E$15+M653*Sheet2!E$16+R653*Sheet2!E$17 -> 0.19222017 | AB653: =SUM(W653:AA653) -> 2.3822094
...

Sheet Sheet2
A1: Category | B1: Sub_Category | C1: Weight(Main Category) | D1: Weight(Sub Category) | E1: Individual weighting
A2: Quality | B2: Fineness | C2: 0.4535296 | D2: 0.49229458 | E2: =D2*$C$2 -> 0.22327017
B3: Length | D3: 0.15105733 | E3: =D3*$C$2 -> 0.068508972
B4: Strength | D4: 0.29003491 | E4: =D4*$C$2 -> 0.13153942
B5: Packaging | D5: 0.066613179 | E5: =D5*$C$2 -> 0.030211049
A6: Cost | B6: Total Quantity | C6: 0.25202436 | D6: 0.20303256 | E6: =D6*$C$6 -> 0.051169151
B7: Total Price | D7: 0.10025721 | E7: =D7*$C$6 -> 0.025267259
B8: Unit Price | D8: 0.69671023 | E8: =D8*$C$6 -> 0.17558795
A9: Time | B9: Lead Time | C9: 0.16507402 | D9: 1 | E9: =D9*C9 -> 0.16507402
A10: Delivery | B10: On time Delivery | C10: 0.087208366 | D10: 0.29608175 | E10: =D10*$C$10 -> 0.025820806
B11: Delivery Performance | D11: 0.13334912 | E11: =D11*$C$10 -> 0.011629159
B12: Consistency | D12: 0.068009651 | E12: =D12*$C$10 -> 0.0059310105
B13: Order Fullfillment | D13: 0.50255947 | E13: =D13*$C$10 -> 0.043827391
A14: Reliability | B14: Responsiveness | C14: 0.042163646 | D14: 0.49229458 | E14: =D14*$C$14 -> 0.020756935
B15: Co_operativeness | D15: 0.29003491 | E15: =D15*$C$14 -> 0.012228929
B16: Flexibility | D16: 0.15105733 | E16: =D16*$C$14 -> 0.0063691279
B17: After sale servixe | D17: 0.066613179 | E17: =D17*$C$14 -> 0.0028086545
